SBDN;SBTG
SBSR;SBAU
SBAU;SBSR
SBRP;SBGL
SBRP;SBFL
SBFL;SBJV
SBFL;SBFZ
SBSR;SBAQ
SBTE;SBBR
SBGO;SBPJ
SBDN;SBRP
SBRP;SBBH
SBSG;SBKG
SBGO;SBGL
SBTG;SBML
SBML;SBAQ
SBAQ;SBKP
SBSR;SBRP
SBSM;SBPA
SBRP;SBSR
SBRP;SBKP
SBCJ;SBGL
SBSJ;SBRF
SBSM;SBPF
SBLO;SBCG
SWSI;SBAT
SBAT;SWSI
SBRP;SBAQ
SBSM;SBBR
SBML;SBDN
SNDV;SBBH
SBMG;SBSV
SBDN;SBBR
SBTG;SBDN
SBDN;SBGL
SBFI;SBSP
SWSI;SBSP
SBSR;SBGL
SBAR;SBBR
SBRP;SBBR
SBSJ;SBSP
SBFL;SBSP
SBFL;SBRP
SBJV;SBFL
SNBR;SBSP
SBFL;SBGR
SBAQ;SBSR
SBFI;SBGL
SBSR;SBPA
SBTE;SBGL
SBGO;SBSP
SBPJ;SBGO
SBNF;SBSP
SBJF;SBSP
SSKW;SBCY
SBCX;SBBR
SBCX;SBGL
SBRP;SBDN
SBRP;SBSP
SBGO;SBBH
SBKG;SBSG
SBGO;SBBR
SBTG;SBGL
SBML;SBTG
SBAQ;SBML
SBSJ;SBGL
SNTF;SBPA
SBSJ;SBKP
SNDV;SBGL
SWLC;SBCT
SBRP;SBPA
SBFL;SBBR
SBFL;SBPA
SBJV;SBSP
SBCJ;SBBR
SWPI;SBEG
SBIZ;SBBR
SBTE;SBBE
SWCA;SBEG
SBKG;SBSP
SBPF;SBSM
SNDV;SBCF
SBLO;SBBR
SBLO;SBPA
SBSL;SBGR
SBCH;SBBR
SWLC;SBKP
SWSI;SBPA
SBSM;SBGL
SBAQ;SBRP
SBUL;SBSP
SBML;SBBR
SBDN;SBML
SBMG;SBGL
