origem;destino;custo;tempo
SBEG;SBCZ
SBEG;SBRB
SBEG;SBMO
SBEG;SWCA
SBEG;SWKO
SBEG;SWEI
SBEG;SWHT
SBEG;SWLB
SBEG;SBEG
SBEG;SBMY
SBEG;SWPI
SBEG;SBUA
SBEG;SBTT
SBEG;SBTF
SBEG;SBMQ
SBEG;SNBR
SBEG;SBFE
SBEG;SBIL
SBEG;SBLE
SBEG;SBUF
SBEG;SBPS
SBEG;SBSV
SBEG;SNTF
SBEG;SBQV
SBEG;SBFZ
SBEG;SBJU
SBEG;SBBR
SBEG;SBVT
SBEG;SBCN
SBEG;SBGO
SBEG;SBIZ
SBEG;SBSL
SBEG;SBBH
SBEG;SBCF
SBEG;SBZM
SBEG;SBGV
SBEG;SBMK
SBEG;SNPD
SBEG;SBIP
SBEG;SBUR
SBEG;SBUL
SBEG;SBDB
SBEG;SBCG
SBEG;SBCR
SBEG;SBDO
SBEG;SBTG
SBEG;SBAT
SBEG;SWRD
SBEG;SWSI
SBEG;SBCY
SBEG;SBHT
SBEG;SBBE
SBEG;SBIH
SBEG;SBMA
SBEG;SBTB
SBEG;SBCJ
SBEG;SBSN
SBEG;SBTU
SBEG;SBJP
SBEG;SBKG
SBEG;SBFN
SBEG;SBPL
SBEG;SBRF
SBEG;SBPB
SBEG;SBTE
SBEG;SBCA
SBEG;SBCT
SBEG;SBFI
SBEG;SBLO
SBEG;SBMG
SBEG;SBCB
SBEG;SBCP
SBEG;SBME
SBEG;SBGL
SBEG;SBNT
SBEG;SBSG
SBEG;SSKW
SBEG;SBPV
SBEG;SBVH
SBEG;SBBV
SBEG;SBCX
SBEG;SBPF
SBEG;SBPK
SBEG;SBPA
SBEG;SBSM
SBEG;SBCH
SBEG;SBFL
SBEG;SBCM
SBEG;SBJV
SBEG;SBNF
SBEG;SBAR
SBEG;SBAU
SBEG;SBAQ
SBEG;SBAE
SBEG;SBKP
SBEG;SBGR
SBEG;SBML
SBEG;SBDN
SBEG;SBRP
SBEG;SBSR
SBEG;SBSJ
SBEG;SBSP
SBEG;SWGN
SBEG;SBPJ
SBEG;SBRJ
SBSV;SBCZ
SBSV;SBRB
SBSV;SBMO
SBSV;SWKO
SBSV;SWEI
SBSV;SBEG
SBSV;SWPI
SBSV;SBUA
SBSV;SBTT
SBSV;SBTF
SBSV;SBMQ
SBSV;SNBR
SBSV;SBFE
SBSV;SBIL
SBSV;SBLE
SBSV;SBUF
SBSV;SBPS
SBSV;SBSV
SBSV;SNTF
SBSV;SNVB
SBSV;SBQV
SBSV;SBFZ
SBSV;SBJU
SBSV;SBBR
SBSV;SBVT
SBSV;SBCN
SBSV;SBGO
SBSV;SWLC
SBSV;SBIZ
SBSV;SBSL
SBSV;SBAX
SBSV;SBBH
SBSV;SBCF
SBSV;SBZM
SBSV;SBGV
SBSV;SBJF
SBSV;SBMK
SBSV;SNPD
SBSV;SBIP
SBSV;SBUR
SBSV;SBUL
SBSV;SBDB
SBSV;SBCG
SBSV;SBCR
SBSV;SBDO
SBSV;SBTG
SBSV;SBAT
SBSV;SWRD
SBSV;SWSI
SBSV;SBCY
SBSV;SBHT
SBSV;SBBE
SBSV;SBIH
SBSV;SBMA
SBSV;SBTB
SBSV;SBCJ
SBSV;SBSN
SBSV;SBJP
SBSV;SBKG
SBSV;SBFN
SBSV;SBPL
SBSV;SBRF
SBSV;SBPB
SBSV;SBTE
SBSV;SBCA
SBSV;SBCT
SBSV;SBFI
SBSV;SBLO
SBSV;SBMG
SBSV;SBCB
SBSV;SBCP
SBSV;SBME
SBSV;SBGL
SBSV;SBNT
SBSV;SBSG
SBSV;SSKW
SBSV;SBJI
SBSV;SBPV
SBSV;SBVH
SBSV;SBBV
SBSV;SBCX
SBSV;SBPF
SBSV;SBPK
SBSV;SBPA
SBSV;SBSM
SBSV;SBCH
SBSV;SBFL
SBSV;SBCM
SBSV;SBJV
SBSV;SBNF
SBSV;SBAR
SBSV;SBAU
SBSV;SBAQ
SBSV;SBAE
SBSV;SBKP
SBSV;SBGR
SBSV;SBML
SBSV;SBDN
SBSV;SBRP
SBSV;SBSR
SBSV;SBSJ
SBSV;SBSP
SBSV;SWGN
SBSV;SBPJ
SBSV;SBRJ
SBFZ;SBCZ
SBFZ;SBRB
SBFZ;SBMO
SBFZ;SWEI
SBFZ;SBEG
SBFZ;SBUA
SBFZ;SBTT
SBFZ;SBTF
SBFZ;SBMQ
SBFZ;SNBR
SBFZ;SBIL
SBFZ;SBLE
SBFZ;SBUF
SBFZ;SBPS
SBFZ;SBSV
SBFZ;SNTF
SBFZ;SBQV
SBFZ;SBFZ
SBFZ;SBJU
SBFZ;SBBR
SBFZ;SBVT
SBFZ;SBCN
SBFZ;SBGO
SBFZ;SWLC
SBFZ;SBIZ
SBFZ;SBSL
SBFZ;SBAX
SBFZ;SBBH
SBFZ;SBCF
SBFZ;SBZM
SBFZ;SBGV
SBFZ;SBJF
SBFZ;SBMK
SBFZ;SNPD
SBFZ;SBIP
SBFZ;SBUR
SBFZ;SBUL
SBFZ;SBDB
SBFZ;SBCG
SBFZ;SBCR
SBFZ;SBDO
SBFZ;SBTG
SBFZ;SBAT
SBFZ;SWRD
SBFZ;SWSI
SBFZ;SBCY
SBFZ;SBHT
SBFZ;SBBE
SBFZ;SBIH
SBFZ;SBMA
SBFZ;SBCJ
SBFZ;SBSN
SBFZ;SBJP
SBFZ;SBKG
SBFZ;SBFN
SBFZ;SBPL
SBFZ;SBRF
SBFZ;SBPB
SBFZ;SBTE
SBFZ;SBCA
SBFZ;SBCT
SBFZ;SBFI
SBFZ;SBLO
SBFZ;SBMG
SBFZ;SBCB
SBFZ;SBCP
SBFZ;SBME
SBFZ;SBGL
SBFZ;SBNT
SBFZ;SBSG
SBFZ;SSKW
SBFZ;SBJI
SBFZ;SBPV
SBFZ;SBVH
SBFZ;SBBV
SBFZ;SBCX
SBFZ;SBPF
SBFZ;SBPK
SBFZ;SBPA
SBFZ;SBSM
SBFZ;SBCH
SBFZ;SBFL
SBFZ;SBCM
SBFZ;SBJV
SBFZ;SBNF
SBFZ;SBAR
SBFZ;SBAU
SBFZ;SBAQ
SBFZ;SBAE
SBFZ;SBKP
SBFZ;SBGR
SBFZ;SBML
SBFZ;SBDN
SBFZ;SBRP
SBFZ;SBSR
SBFZ;SBSJ
SBFZ;SBSP
SBFZ;SWGN
SBFZ;SBPJ
SBFZ;SBRJ
SBBR;SBCZ
SBBR;SBRB
SBBR;SBMO
SBBR;SWKO
SBBR;SBEG
SBBR;SWPI
SBBR;SBUA
SBBR;SBTT
SBBR;SBTF
SBBR;SBMQ
SBBR;SNBR
SBBR;SBFE
SBBR;SBIL
SBBR;SBLE
SBBR;SBUF
SBBR;SBPS
SBBR;SBSV
SBBR;SNTF
SBBR;SNVB
SBBR;SBQV
SBBR;SBFZ
SBBR;SBJU
SBBR;SBBR
SBBR;SBVT
SBBR;SBGO
SBBR;SWLC
SBBR;SBCI
SBBR;SBIZ
SBBR;SBSL
SBBR;SBAX
SBBR;SBBH
SBBR;SBCF
SBBR;SNDV
SBBR;SBZM
SBBR;SBGV
SBBR;SBJF
SBBR;SBMK
SBBR;SNPD
SBBR;SBIP
SBBR;SBUR
SBBR;SBUL
SBBR;SBDB
SBBR;SBCG
SBBR;SBCR
SBBR;SBDO
SBBR;SBTG
SBBR;SBAT
SBBR;SWRD
SBBR;SWSI
SBBR;SBCY
SBBR;SBMD
SBBR;SBHT
SBBR;SBBE
SBBR;SBIH
SBBR;SBMA
SBBR;SBTB
SBBR;SDOW
SBBR;SBCJ
SBBR;SNDC
SBBR;SBSN
SBBR;SBJP
SBBR;SBKG
SBBR;SBFN
SBBR;SBPL
SBBR;SBRF
SBBR;SBPB
SBBR;SBTE
SBBR;SBCA
SBBR;SBCT
SBBR;SBFI
SBBR;SBLO
SBBR;SBMG
SBBR;SBCB
SBBR;SBCP
SBBR;SBME
SBBR;SBGL
SBBR;SBNT
SBBR;SBSG
SBBR;SSKW
SBBR;SBJI
SBBR;SBPV
SBBR;SBVH
SBBR;SBBV
SBBR;SBCX
SBBR;SBPF
SBBR;SBPK
SBBR;SBPA
SBBR;SBSM
SBBR;SBCH
SBBR;SBFL
SBBR;SBCM
SBBR;SBJV
SBBR;SBNF
SBBR;SBAR
SBBR;SBAU
SBBR;SBAQ
SBBR;SBAE
SBBR;SBKP
SBBR;SBGR
SBBR;SBML
SBBR;SBDN
SBBR;SBRP
SBBR;SBSR
SBBR;SBSJ
SBBR;SBSP
SBBR;SWGN
SBBR;SBPJ
SBBR;SBRJ
SBVT;SBCZ
SBVT;SBRB
SBVT;SBMO
SBVT;SWKO
SBVT;SBEG
SBVT;SWPI
SBVT;SBUA
SBVT;SBTT
SBVT;SBTF
SBVT;SBMQ
SBVT;SNBR
SBVT;SBFE
SBVT;SBIL
SBVT;SBLE
SBVT;SBUF
SBVT;SBPS
SBVT;SBSV
SBVT;SNTF
SBVT;SNVB
SBVT;SBQV
SBVT;SBFZ
SBVT;SBJU
SBVT;SBBR
SBVT;SBVT
SBVT;SBCN
SBVT;SBGO
SBVT;SWLC
SBVT;SBIZ
SBVT;SBSL
SBVT;SBAX
SBVT;SBBH
SBVT;SBCF
SBVT;SBZM
SBVT;SBGV
SBVT;SBJF
SBVT;SBMK
SBVT;SNPD
SBVT;SBIP
SBVT;SBUR
SBVT;SBUL
SBVT;SBDB
SBVT;SBCG
SBVT;SBCR
SBVT;SBDO
SBVT;SBTG
SBVT;SBAT
SBVT;SWRD
SBVT;SWSI
SBVT;SBCY
SBVT;SBHT
SBVT;SBBE
SBVT;SBIH
SBVT;SBMA
SBVT;SBTB
SBVT;SBCJ
SBVT;SBSN
SBVT;SBJP
SBVT;SBKG
SBVT;SBFN
SBVT;SBPL
SBVT;SBRF
SBVT;SBTE
SBVT;SBCA
SBVT;SBCT
SBVT;SBFI
SBVT;SBLO
SBVT;SBMG
SBVT;SBCB
SBVT;SBME
SBVT;SBGL
SBVT;SBNT
SBVT;SBSG
SBVT;SSKW
SBVT;SBJI
SBVT;SBPV
SBVT;SBVH
SBVT;SBBV
SBVT;SBCX
SBVT;SBPF
SBVT;SBPK
SBVT;SBPA
SBVT;SBSM
SBVT;SBCH
SBVT;SBFL
SBVT;SBCM
SBVT;SBJV
SBVT;SBNF
SBVT;SBAR
SBVT;SBAU
SBVT;SBAQ
SBVT;SBAE
SBVT;SBKP
SBVT;SBGR
SBVT;SBML
SBVT;SBDN
SBVT;SBRP
SBVT;SBSR
SBVT;SBSJ
SBVT;SBSP
SBVT;SWGN
SBVT;SBPJ
SBVT;SBRJ
SBCF;SBCZ
SBCF;SBRB
SBCF;SBMO
SBCF;SWKO
SBCF;SWEI
SBCF;SBEG
SBCF;SWPI
SBCF;SBUA
SBCF;SBTT
SBCF;SBTF
SBCF;SBMQ
SBCF;SNBR
SBCF;SBFE
SBCF;SBIL
SBCF;SBLE
SBCF;SBUF
SBCF;SBPS
SBCF;SBSV
SBCF;SNTF
SBCF;SNVB
SBCF;SBQV
SBCF;SBFZ
SBCF;SBJU
SBCF;SBBR
SBCF;SBVT
SBCF;SBCN
SBCF;SBGO
SBCF;SWLC
SBCF;SBIZ
SBCF;SBSL
SBCF;SBAX
SBCF;SBCF
SBCF;SBZM
SBCF;SBGV
SBCF;SBJF
SBCF;SBMK
SBCF;SNPD
SBCF;SBIP
SBCF;SBUR
SBCF;SBUL
SBCF;SBDB
SBCF;SBCG
SBCF;SBCR
SBCF;SBDO
SBCF;SBTG
SBCF;SBAT
SBCF;SWRD
SBCF;SWSI
SBCF;SBCY
SBCF;SBHT
SBCF;SBBE
SBCF;SBIH
SBCF;SBMA
SBCF;SBTB
SBCF;SBCJ
SBCF;SBSN
SBCF;SBTU
SBCF;SBJP
SBCF;SBKG
SBCF;SBFN
SBCF;SBPL
SBCF;SBRF
SBCF;SBPB
SBCF;SBTE
SBCF;SBCA
SBCF;SBCT
SBCF;SBFI
SBCF;SBLO
SBCF;SBMG
SBCF;SBCB
SBCF;SBCP
SBCF;SBME
SBCF;SBGL
SBCF;SBNT
SBCF;SBSG
SBCF;SSKW
SBCF;SBJI
SBCF;SBPV
SBCF;SBVH
SBCF;SBBV
SBCF;SBCX
SBCF;SBPF
SBCF;SBPK
SBCF;SBPA
SBCF;SBSM
SBCF;SBCH
SBCF;SBFL
SBCF;SBCM
SBCF;SBJV
SBCF;SBNF
SBCF;SBAR
SBCF;SBAU
SBCF;SBAQ
SBCF;SBAE
SBCF;SBKP
SBCF;SBGR
SBCF;SBML
SBCF;SBDN
SBCF;SBRP
SBCF;SBSR
SBCF;SBSJ
SBCF;SBSP
SBCF;SWGN
SBCF;SBPJ
SBCF;SBRJ
SBCG;SBCZ
SBCG;SBRB
SBCG;SBMO
SBCG;SWKO
SBCG;SBEG
SBCG;SWPI
SBCG;SBTT
SBCG;SBTF
SBCG;SBMQ
SBCG;SNBR
SBCG;SBFE
SBCG;SBIL
SBCG;SBLE
SBCG;SBUF
SBCG;SBPS
SBCG;SBSV
SBCG;SNTF
SBCG;SBQV
SBCG;SBFZ
SBCG;SBJU
SBCG;SBBR
SBCG;SBVT
SBCG;SBCN
SBCG;SBGO
SBCG;SWLC
SBCG;SBIZ
SBCG;SBSL
SBCG;SBAX
SBCG;SBBH
SBCG;SBCF
SBCG;SBZM
SBCG;SBGV
SBCG;SBJF
SBCG;SBMK
SBCG;SNPD
SBCG;SBIP
SBCG;SBUR
SBCG;SBUL
SBCG;SBCG
SBCG;SBCR
SBCG;SBDO
SBCG;SBTG
SBCG;SBAT
SBCG;SWRD
SBCG;SWSI
SBCG;SBCY
SBCG;SBHT
SBCG;SBBE
SBCG;SBIH
SBCG;SBMA
SBCG;SBCJ
SBCG;SBSN
SBCG;SBJP
SBCG;SBKG
SBCG;SBFN
SBCG;SBPL
SBCG;SBRF
SBCG;SBPB
SBCG;SBTE
SBCG;SBCA
SBCG;SBCT
SBCG;SBFI
SBCG;SBLO
SBCG;SBMG
SBCG;SBCB
SBCG;SBCP
SBCG;SBME
SBCG;SBGL
SBCG;SBNT
SBCG;SBSG
SBCG;SSKW
SBCG;SBJI
SBCG;SBPV
SBCG;SBVH
SBCG;SBBV
SBCG;SBCX
SBCG;SBPF
SBCG;SBPK
SBCG;SBPA
SBCG;SBSM
SBCG;SBCH
SBCG;SBFL
SBCG;SBCM
SBCG;SBJV
SBCG;SBNF
SBCG;SBAR
SBCG;SBAU
SBCG;SBAQ
SBCG;SBAE
SBCG;SBKP
SBCG;SBGR
SBCG;SBML
SBCG;SBDN
SBCG;SBRP
SBCG;SBSR
SBCG;SBSJ
SBCG;SBSP
SBCG;SWGN
SBCG;SBPJ
SBCG;SBRJ
SBCY;SBCZ
SBCY;SBRB
SBCY;SBMO
SBCY;SBEG
SBCY;SWPI
SBCY;SBTT
SBCY;SBTF
SBCY;SBMQ
SBCY;SNBR
SBCY;SBFE
SBCY;SBIL
SBCY;SBLE
SBCY;SBUF
SBCY;SBPS
SBCY;SBSV
SBCY;SNTF
SBCY;SNVB
SBCY;SBQV
SBCY;SBFZ
SBCY;SBJU
SBCY;SBBR
SBCY;SBVT
SBCY;SBCN
SBCY;SBGO
SBCY;SWLC
SBCY;SBIZ
SBCY;SBSL
SBCY;SBAX
SBCY;SBBH
SBCY;SBCF
SBCY;SBZM
SBCY;SBGV
SBCY;SBJF
SBCY;SBMK
SBCY;SNPD
SBCY;SBIP
SBCY;SBUR
SBCY;SBUL
SBCY;SBCG
SBCY;SBCR
SBCY;SBDO
SBCY;SBTG
SBCY;SBAT
SBCY;SWRD
SBCY;SWSI
SBCY;SBCY
SBCY;SBHT
SBCY;SBBE
SBCY;SBIH
SBCY;SBMA
SBCY;SBCJ
SBCY;SBSN
SBCY;SBTU
SBCY;SBJP
SBCY;SBKG
SBCY;SBFN
SBCY;SBPL
SBCY;SBRF
SBCY;SBPB
SBCY;SBTE
SBCY;SBCA
SBCY;SBCT
SBCY;SBFI
SBCY;SBLO
SBCY;SBMG
SBCY;SBCB
SBCY;SBCP
SBCY;SBME
SBCY;SBGL
SBCY;SBNT
SBCY;SBSG
SBCY;SSKW
SBCY;SBJI
SBCY;SBPV
SBCY;SBVH
SBCY;SBBV
SBCY;SBCX
SBCY;SBPF
SBCY;SBPK
SBCY;SBPA
SBCY;SBSM
SBCY;SBCH
SBCY;SBFL
SBCY;SBCM
SBCY;SBJV
SBCY;SBNF
SBCY;SBAR
SBCY;SBAU
SBCY;SBAQ
SBCY;SBAE
SBCY;SBKP
SBCY;SBGR
SBCY;SBML
SBCY;SBDN
SBCY;SBRP
SBCY;SBSR
SBCY;SBSJ
SBCY;SBSP
SBCY;SWGN
SBCY;SBPJ
SBCY;SBRJ
SBBE;SBCZ
SBBE;SBRB
SBBE;SBMO
SBBE;SWKO
SBBE;SWEI
SBBE;SBEG
SBBE;SWPI
SBBE;SBUA
SBBE;SBTT
SBBE;SBTF
SBBE;SBMQ
SBBE;SNBR
SBBE;SBFE
SBBE;SBIL
SBBE;SBLE
SBBE;SBUF
SBBE;SBPS
SBBE;SBSV
SBBE;SNTF
SBBE;SBQV
SBBE;SBFZ
SBBE;SBJU
SBBE;SBBR
SBBE;SBVT
SBBE;SBCN
SBBE;SBGO
SBBE;SWLC
SBBE;SBIZ
SBBE;SBSL
SBBE;SBAX
SBBE;SBBH
SBBE;SBCF
SBBE;SBZM
SBBE;SBGV
SBBE;SBJF
SBBE;SBMK
SBBE;SNPD
SBBE;SBIP
SBBE;SBUR
SBBE;SBUL
SBBE;SBDB
SBBE;SBCG
SBBE;SBCR
SBBE;SBDO
SBBE;SBTG
SBBE;SBAT
SBBE;SWRD
SBBE;SWSI
SBBE;SBCY
SBBE;SBMD
SBBE;SBHT
SBBE;SBBE
SBBE;SBAA
SBBE;SBIH
SBBE;SBMA
SBBE;SBTB
SBBE;SDOW
SBBE;SBCJ
SBBE;SNDC
SBBE;SBSN
SBBE;SBTU
SBBE;SBJP
SBBE;SBKG
SBBE;SBFN
SBBE;SBPL
SBBE;SBRF
SBBE;SBPB
SBBE;SBTE
SBBE;SBCA
SBBE;SBCT
SBBE;SBFI
SBBE;SBLO
SBBE;SBMG
SBBE;SBCB
SBBE;SBCP
SBBE;SBME
SBBE;SBGL
SBBE;SBNT
SBBE;SBSG
SBBE;SSKW
SBBE;SBJI
SBBE;SBPV
SBBE;SBVH
SBBE;SBBV
SBBE;SBCX
SBBE;SBPF
SBBE;SBPK
SBBE;SBPA
SBBE;SBSM
SBBE;SBCH
SBBE;SBFL
SBBE;SBCM
SBBE;SBJV
SBBE;SBNF
SBBE;SBAR
SBBE;SBAU
SBBE;SBAQ
SBBE;SBAE
SBBE;SBKP
SBBE;SBGR
SBBE;SBML
SBBE;SBDN
SBBE;SBRP
SBBE;SBSR
SBBE;SBSJ
SBBE;SBSP
SBBE;SWGN
SBBE;SBPJ
SBBE;SBRJ
SBRF;SBCZ
SBRF;SBRB
SBRF;SBMO
SBRF;SWEI
SBRF;SBEG
SBRF;SWPI
SBRF;SBTT
SBRF;SBTF
SBRF;SBMQ
SBRF;SNBR
SBRF;SBFE
SBRF;SBIL
SBRF;SBLE
SBRF;SBUF
SBRF;SBPS
SBRF;SBSV
SBRF;SNTF
SBRF;SBQV
SBRF;SBFZ
SBRF;SBJU
SBRF;SBBR
SBRF;SBVT
SBRF;SBCN
SBRF;SBGO
SBRF;SWLC
SBRF;SBIZ
SBRF;SBSL
SBRF;SBAX
SBRF;SBBH
SBRF;SBCF
SBRF;SBZM
SBRF;SBGV
SBRF;SBJF
SBRF;SBMK
SBRF;SNPD
SBRF;SBIP
SBRF;SBUR
SBRF;SBUL
SBRF;SBDB
SBRF;SBCG
SBRF;SBCR
SBRF;SBDO
SBRF;SBTG
SBRF;SBAT
SBRF;SWRD
SBRF;SWSI
SBRF;SBCY
SBRF;SBHT
SBRF;SBBE
SBRF;SBIH
SBRF;SBMA
SBRF;SBCJ
SBRF;SBSN
SBRF;SBTU
SBRF;SBJP
SBRF;SBKG
SBRF;SBFN
SBRF;SBPL
SBRF;SBRF
SBRF;SBPB
SBRF;SBTE
SBRF;SBCA
SBRF;SBCT
SBRF;SBFI
SBRF;SBLO
SBRF;SBMG
SBRF;SBCB
SBRF;SBCP
SBRF;SBME
SBRF;SBGL
SBRF;SBNT
SBRF;SBSG
SBRF;SSKW
SBRF;SBJI
SBRF;SBPV
SBRF;SBVH
SBRF;SBBV
SBRF;SBCX
SBRF;SBPF
SBRF;SBPK
SBRF;SBPA
SBRF;SBSM
SBRF;SBCH
SBRF;SBFL
SBRF;SBCM
SBRF;SBJV
SBRF;SBNF
SBRF;SBAR
SBRF;SBAU
SBRF;SBAQ
SBRF;SBAE
SBRF;SBKP
SBRF;SBGR
SBRF;SBML
SBRF;SBDN
SBRF;SBRP
SBRF;SBSR
SBRF;SBSJ
SBRF;SBSP
SBRF;SWGN
SBRF;SBPJ
SBRF;SBRJ
SBCT;SBCZ
SBCT;SBRB
SBCT;SBMO
SBCT;SWKO
SBCT;SWEI
SBCT;SBEG
SBCT;SWPI
SBCT;SBUA
SBCT;SBTT
SBCT;SBTF
SBCT;SBMQ
SBCT;SNBR
SBCT;SBFE
SBCT;SBIL
SBCT;SBLE
SBCT;SBUF
SBCT;SBPS
SBCT;SBSV
SBCT;SNTF
SBCT;SNVB
SBCT;SBQV
SBCT;SBFZ
SBCT;SBJU
SBCT;SBBR
SBCT;SBVT
SBCT;SBCN
SBCT;SBGO
SBCT;SWLC
SBCT;SBIZ
SBCT;SBSL
SBCT;SBAX
SBCT;SBBH
SBCT;SBCF
SBCT;SNDV
SBCT;SBZM
SBCT;SBGV
SBCT;SBJF
SBCT;SBMK
SBCT;SNPD
SBCT;SBIP
SBCT;SBUR
SBCT;SBUL
SBCT;SBDB
SBCT;SBCG
SBCT;SBCR
SBCT;SBDO
SBCT;SBTG
SBCT;SBAT
SBCT;SWRD
SBCT;SWSI
SBCT;SBCY
SBCT;SBHT
SBCT;SBBE
SBCT;SBIH
SBCT;SBMA
SBCT;SBTB
SBCT;SBCJ
SBCT;SBSN
SBCT;SBJP
SBCT;SBKG
SBCT;SBFN
SBCT;SBPL
SBCT;SBRF
SBCT;SBPB
SBCT;SBTE
SBCT;SBCA
SBCT;SBCT
SBCT;SBFI
SBCT;SBLO
SBCT;SBMG
SBCT;SBCB
SBCT;SBCP
SBCT;SBME
SBCT;SBGL
SBCT;SBNT
SBCT;SBSG
SBCT;SSKW
SBCT;SBJI
SBCT;SBPV
SBCT;SBVH
SBCT;SBBV
SBCT;SBCX
SBCT;SBPF
SBCT;SBPK
SBCT;SBPA
SBCT;SBSM
SBCT;SBCH
SBCT;SBFL
SBCT;SBCM
SBCT;SBJV
SBCT;SBNF
SBCT;SBAR
SBCT;SBAU
SBCT;SBAQ
SBCT;SBAE
SBCT;SBKP
SBCT;SBGR
SBCT;SBML
SBCT;SBDN
SBCT;SBRP
SBCT;SBSR
SBCT;SBSJ
SBCT;SBSP
SBCT;SWGN
SBCT;SBPJ
SBCT;SBRJ
SBRJ;SBCZ
SBRJ;SBRB
SBRJ;SBMO
SBRJ;SWKO
SBRJ;SWEI
SBRJ;SBEG
SBRJ;SWPI
SBRJ;SBUA
SBRJ;SBTT
SBRJ;SBTF
SBRJ;SBMQ
SBRJ;SNBR
SBRJ;SBFE
SBRJ;SBIL
SBRJ;SBLE
SBRJ;SBUF
SBRJ;SBPS
SBRJ;SBSV
SBRJ;SNTF
SBRJ;SNVB
SBRJ;SBQV
SBRJ;SBFZ
SBRJ;SBJU
SBRJ;SBBR
SBRJ;SBVT
SBRJ;SBCN
SBRJ;SBGO
SBRJ;SWLC
SBRJ;SBIZ
SBRJ;SBSL
SBRJ;SBAX
SBRJ;SBBH
SBRJ;SBCF
SBRJ;SNDV
SBRJ;SBZM
SBRJ;SBGV
SBRJ;SBJF
SBRJ;SBMK
SBRJ;SNPD
SBRJ;SBIP
SBRJ;SBUR
SBRJ;SBUL
SBRJ;SBDB
SBRJ;SBCG
SBRJ;SBCR
SBRJ;SBDO
SBRJ;SBTG
SBRJ;SBAT
SBRJ;SWRD
SBRJ;SWSI
SBRJ;SBCY
SBRJ;SBHT
SBRJ;SBBE
SBRJ;SBIH
SBRJ;SBMA
SBRJ;SBTB
SBRJ;SBCJ
SBRJ;SBSN
SBRJ;SBTU
SBRJ;SBJP
SBRJ;SBKG
SBRJ;SBFN
SBRJ;SBPL
SBRJ;SBRF
SBRJ;SBPB
SBRJ;SBTE
SBRJ;SBCA
SBRJ;SBCT
SBRJ;SBFI
SBRJ;SBLO
SBRJ;SBMG
SBRJ;SBCB
SBRJ;SBCP
SBRJ;SBME
SBRJ;SBNT
SBRJ;SBSG
SBRJ;SSKW
SBRJ;SBJI
SBRJ;SBPV
SBRJ;SBVH
SBRJ;SBBV
SBRJ;SBCX
SBRJ;SBPF
SBRJ;SBPK
SBRJ;SBPA
SBRJ;SBSM
SBRJ;SBCH
SBRJ;SBFL
SBRJ;SBCM
SBRJ;SBJV
SBRJ;SBNF
SBRJ;SBAR
SBRJ;SBAU
SBRJ;SBAQ
SBRJ;SBAE
SBRJ;SBKP
SBRJ;SBGR
SBRJ;SBML
SBRJ;SBDN
SBRJ;SBRP
SBRJ;SBSR
SBRJ;SBSJ
SBRJ;SBSP
SBRJ;SWGN
SBRJ;SBPJ
SBRJ;SBRJ
SBSG;SBCZ
SBSG;SBRB
SBSG;SBMO
SBSG;SWKO
SBSG;SBEG
SBSG;SWPI
SBSG;SBTT
SBSG;SBTF
SBSG;SBMQ
SBSG;SNBR
SBSG;SBIL
SBSG;SBLE
SBSG;SBUF
SBSG;SBPS
SBSG;SBSV
SBSG;SNTF
SBSG;SBQV
SBSG;SBFZ
SBSG;SBJU
SBSG;SBBR
SBSG;SBVT
SBSG;SBCN
SBSG;SBGO
SBSG;SWLC
SBSG;SBIZ
SBSG;SBSL
SBSG;SBAX
SBSG;SBBH
SBSG;SBCF
SBSG;SBZM
SBSG;SBGV
SBSG;SBJF
SBSG;SBMK
SBSG;SNPD
SBSG;SBIP
SBSG;SBUR
SBSG;SBUL
SBSG;SBCG
SBSG;SBCR
SBSG;SBDO
SBSG;SBTG
SBSG;SBAT
SBSG;SWRD
SBSG;SWSI
SBSG;SBCY
SBSG;SBHT
SBSG;SBBE
SBSG;SBIH
SBSG;SBMA
SBSG;SBCJ
SBSG;SBSN
SBSG;SBTU
SBSG;SBJP
SBSG;SBFN
SBSG;SBPL
SBSG;SBRF
SBSG;SBPB
SBSG;SBTE
SBSG;SBCA
SBSG;SBCT
SBSG;SBFI
SBSG;SBLO
SBSG;SBMG
SBSG;SBCB
SBSG;SBCP
SBSG;SBME
SBSG;SBGL
SBSG;SBSG
SBSG;SSKW
SBSG;SBJI
SBSG;SBPV
SBSG;SBVH
SBSG;SBBV
SBSG;SBCX
SBSG;SBPF
SBSG;SBPK
SBSG;SBPA
SBSG;SBSM
SBSG;SBCH
SBSG;SBFL
SBSG;SBCM
SBSG;SBJV
SBSG;SBNF
SBSG;SBAR
SBSG;SBAU
SBSG;SBAQ
SBSG;SBAE
SBSG;SBKP
SBSG;SBGR
SBSG;SBML
SBSG;SBDN
SBSG;SBRP
SBSG;SBSR
SBSG;SBSJ
SBSG;SBSP
SBSG;SWGN
SBSG;SBPJ
SBSG;SBRJ
SBPV;SBCZ
SBPV;SBRB
SBPV;SBMO
SBPV;SWKO
SBPV;SWEI
SBPV;SBEG
SBPV;SWPI
SBPV;SBUA
SBPV;SBTT
SBPV;SBTF
SBPV;SBMQ
SBPV;SNBR
SBPV;SBFE
SBPV;SBIL
SBPV;SBLE
SBPV;SBUF
SBPV;SBPS
SBPV;SBSV
SBPV;SNTF
SBPV;SBQV
SBPV;SBFZ
SBPV;SBJU
SBPV;SBBR
SBPV;SBVT
SBPV;SBCN
SBPV;SBGO
SBPV;SWLC
SBPV;SBIZ
SBPV;SBSL
SBPV;SBBH
SBPV;SBCF
SBPV;SBZM
SBPV;SBGV
SBPV;SBMK
SBPV;SNPD
SBPV;SBIP
SBPV;SBUR
SBPV;SBUL
SBPV;SBCG
SBPV;SBCR
SBPV;SBDO
SBPV;SBTG
SBPV;SBAT
SBPV;SWRD
SBPV;SWSI
SBPV;SBCY
SBPV;SBHT
SBPV;SBBE
SBPV;SBIH
SBPV;SBMA
SBPV;SBTB
SBPV;SBCJ
SBPV;SBSN
SBPV;SBTU
SBPV;SBJP
SBPV;SBKG
SBPV;SBFN
SBPV;SBPL
SBPV;SBRF
SBPV;SBPB
SBPV;SBTE
SBPV;SBCA
SBPV;SBCT
SBPV;SBFI
SBPV;SBLO
SBPV;SBMG
SBPV;SBCB
SBPV;SBCP
SBPV;SBME
SBPV;SBGL
SBPV;SBNT
SBPV;SBSG
SBPV;SSKW
SBPV;SBPV
SBPV;SBVH
SBPV;SBBV
SBPV;SBCX
SBPV;SBPF
SBPV;SBPK
SBPV;SBPA
SBPV;SBSM
SBPV;SBCH
SBPV;SBFL
SBPV;SBCM
SBPV;SBJV
SBPV;SBNF
SBPV;SBAR
SBPV;SBAU
SBPV;SBAQ
SBPV;SBAE
SBPV;SBKP
SBPV;SBGR
SBPV;SBML
SBPV;SBDN
SBPV;SBRP
SBPV;SBSR
SBPV;SBSJ
SBPV;SBSP
SBPV;SWGN
SBPV;SBPJ
SBPV;SBRJ
SBPA;SBCZ
SBPA;SBRB
SBPA;SBMO
SBPA;SWKO
SBPA;SWEI
SBPA;SBEG
SBPA;SWPI
SBPA;SBUA
SBPA;SBTT
SBPA;SBTF
SBPA;SBMQ
SBPA;SNBR
SBPA;SBFE
SBPA;SBIL
SBPA;SBLE
SBPA;SBUF
SBPA;SBPS
SBPA;SBSV
SBPA;SNTF
SBPA;SNVB
SBPA;SBQV
SBPA;SBFZ
SBPA;SBJU
SBPA;SBBR
SBPA;SBVT
SBPA;SBCN
SBPA;SBGO
SBPA;SWLC
SBPA;SBIZ
SBPA;SBSL
SBPA;SBAX
SBPA;SBBH
SBPA;SBCF
SBPA;SNDV
SBPA;SBZM
SBPA;SBGV
SBPA;SBJF
SBPA;SBMK
SBPA;SNPD
SBPA;SBIP
SBPA;SBUR
SBPA;SBUL
SBPA;SBDB
SBPA;SBCG
SBPA;SBCR
SBPA;SBDO
SBPA;SBTG
SBPA;SBAT
SBPA;SWRD
SBPA;SWSI
SBPA;SBCY
SBPA;SBHT
SBPA;SBBE
SBPA;SBIH
SBPA;SBMA
SBPA;SBTB
SBPA;SBCJ
SBPA;SBSN
SBPA;SBJP
SBPA;SBKG
SBPA;SBFN
SBPA;SBPL
SBPA;SBRF
SBPA;SBPB
SBPA;SBTE
SBPA;SBCA
SBPA;SBCT
SBPA;SBFI
SBPA;SBLO
SBPA;SBMG
SBPA;SBCB
SBPA;SBCP
SBPA;SBME
SBPA;SBGL
SBPA;SBNT
SBPA;SBSG
SBPA;SSKW
SBPA;SBJI
SBPA;SBPV
SBPA;SBVH
SBPA;SBBV
SBPA;SBPF
SBPA;SBPK
SBPA;SBPA
SBPA;SBSM
SBPA;SBCH
SBPA;SBFL
SBPA;SBCM
SBPA;SBJV
SBPA;SBNF
SBPA;SBAR
SBPA;SBAU
SBPA;SBAQ
SBPA;SBAE
SBPA;SBKP
SBPA;SBGR
SBPA;SBML
SBPA;SBDN
SBPA;SBRP
SBPA;SBSR
SBPA;SBSJ
SBPA;SBSP
SBPA;SWGN
SBPA;SBPJ
SBPA;SBRJ
SBSP;SBCZ
SBSP;SBRB
SBSP;SBMO
SBSP;SWKO
SBSP;SWEI
SBSP;SBEG
SBSP;SWPI
SBSP;SBUA
SBSP;SBTT
SBSP;SBTF
SBSP;SBMQ
SBSP;SNBR
SBSP;SBFE
SBSP;SBIL
SBSP;SBLE
SBSP;SBUF
SBSP;SBPS
SBSP;SBSV
SBSP;SNTF
SBSP;SNVB
SBSP;SBQV
SBSP;SBFZ
SBSP;SBJU
SBSP;SBBR
SBSP;SBVT
SBSP;SBCN
SBSP;SBGO
SBSP;SWLC
SBSP;SBIZ
SBSP;SBSL
SBSP;SBAX
SBSP;SBBH
SBSP;SBCF
SBSP;SNDV
SBSP;SBZM
SBSP;SBGV
SBSP;SBJF
SBSP;SBMK
SBSP;SNPD
SBSP;SBIP
SBSP;SBUR
SBSP;SBUL
SBSP;SBDB
SBSP;SBCG
SBSP;SBCR
SBSP;SBDO
SBSP;SBTG
SBSP;SBAT
SBSP;SWRD
SBSP;SWSI
SBSP;SBCY
SBSP;SBHT
SBSP;SBBE
SBSP;SBIH
SBSP;SBMA
SBSP;SBTB
SBSP;SBCJ
SBSP;SBSN
SBSP;SBTU
SBSP;SBJP
SBSP;SBKG
SBSP;SBFN
SBSP;SBPL
SBSP;SBRF
SBSP;SBPB
SBSP;SBTE
SBSP;SBCA
SBSP;SBCT
SBSP;SBFI
SBSP;SBLO
SBSP;SBMG
SBSP;SBCB
SBSP;SBCP
SBSP;SBME
SBSP;SBGL
SBSP;SBNT
SBSP;SBSG
SBSP;SSKW
SBSP;SBJI
SBSP;SBPV
SBSP;SBVH
SBSP;SBBV
SBSP;SBCX
SBSP;SBPF
SBSP;SBPK
SBSP;SBPA
SBSP;SBSM
SBSP;SBCH
SBSP;SBFL
SBSP;SBCM
SBSP;SBJV
SBSP;SBNF
SBSP;SBAR
SBSP;SBAU
SBSP;SBAE
SBSP;SBDN
SBSP;SBRP
SBSP;SBSR
SBSP;SBSP
SBSP;SWGN
SBSP;SBPJ
SBSP;SBRJ
SBBH;SBCZ
SBBH;SBRB
SBBH;SBMO
SBBH;SWCA
SBBH;SWKO
SBBH;SWEI
SBBH;SWHT
SBBH;SWLB
SBBH;SBEG
SBBH;SBMY
SBBH;SWPI
SBBH;SBUA
SBBH;SBTT
SBBH;SBTF
SBBH;SBMQ
SBBH;SNBR
SBBH;SBFE
SBBH;SBIL
SBBH;SBLE
SBBH;SBUF
SBBH;SBPS
SBBH;SBSV
SBBH;SNTF
SBBH;SNVB
SBBH;SBQV
SBBH;SBFZ
SBBH;SBJU
SBBH;SBBR
SBBH;SBVT
SBBH;SBCN
SBBH;SBGO
SBBH;SWLC
SBBH;SBCI
SBBH;SBIZ
SBBH;SBSL
SBBH;SBAX
SBBH;SBBH
SBBH;SBCF
SBBH;SNDV
SBBH;SBZM
SBBH;SBGV
SBBH;SBJF
SBBH;SBMK
SBBH;SNPD
SBBH;SBIP
SBBH;SBUR
SBBH;SBUL
SBBH;SBDB
SBBH;SBCG
SBBH;SBCR
SBBH;SBDO
SBBH;SBTG
SBBH;SBAT
SBBH;SWRD
SBBH;SWSI
SBBH;SBCY
SBBH;SBMD
SBBH;SBHT
SBBH;SBBE
SBBH;SBAA
SBBH;SBIH
SBBH;SBMA
SBBH;SBTB
SBBH;SDOW
SBBH;SBCJ
SBBH;SNDC
SBBH;SBSN
SBBH;SBTU
SBBH;SBJP
SBBH;SBKG
SBBH;SBFN
SBBH;SBPL
SBBH;SBRF
SBBH;SBPB
SBBH;SBTE
SBBH;SBCA
SBBH;SBCT
SBBH;SBFI
SBBH;SBLO
SBBH;SBMG
SBBH;SBCB
SBBH;SBCP
SBBH;SBME
SBBH;SBGL
SBBH;SBNT
SBBH;SBSG
SBBH;SSKW
SBBH;SBJI
SBBH;SBPV
SBBH;SBVH
SBBH;SBBV
SBBH;SBCX
SBBH;SBPF
SBBH;SBPK
SBBH;SBPA
SBBH;SBSM
SBBH;SBCH
SBBH;SBFL
SBBH;SBCM
SBBH;SBJV
SBBH;SBNF
SBBH;SBAR
SBBH;SBAU
SBBH;SBAQ
SBBH;SBAE
SBBH;SBKP
SBBH;SBGR
SBBH;SBML
SBBH;SBDN
SBBH;SBRP
SBBH;SBSR
SBBH;SBSJ
SBBH;SBSP
SBBH;SWGN
SBBH;SBPJ
SBGR;SBCZ
SBGR;SBRB
SBGR;SBMO
SBGR;SWCA
SBGR;SWKO
SBGR;SWEI
SBGR;SWHT
SBGR;SWLB
SBGR;SBEG
SBGR;SBMY
SBGR;SWPI
SBGR;SBUA
SBGR;SBTT
SBGR;SBTF
SBGR;SBMQ
SBGR;SNBR
SBGR;SBFE
SBGR;SBIL
SBGR;SBLE
SBGR;SBUF
SBGR;SBPS
SBGR;SBSV
SBGR;SNTF
SBGR;SNVB
SBGR;SBQV
SBGR;SBFZ
SBGR;SBJU
SBGR;SBBR
SBGR;SBVT
SBGR;SBCN
SBGR;SBGO
SBGR;SWLC
SBGR;SBCI
SBGR;SBIZ
SBGR;SBSL
SBGR;SBAX
SBGR;SBBH
SBGR;SBCF
SBGR;SNDV
SBGR;SBZM
SBGR;SBGV
SBGR;SBJF
SBGR;SBMK
SBGR;SNPD
SBGR;SBIP
SBGR;SBUR
SBGR;SBUL
SBGR;SBDB
SBGR;SBCG
SBGR;SBCR
SBGR;SBDO
SBGR;SBTG
SBGR;SBAT
SBGR;SWRD
SBGR;SWSI
SBGR;SBCY
SBGR;SBMD
SBGR;SBHT
SBGR;SBBE
SBGR;SBAA
SBGR;SBIH
SBGR;SBMA
SBGR;SBTB
SBGR;SDOW
SBGR;SBCJ
SBGR;SNDC
SBGR;SBSN
SBGR;SBTU
SBGR;SBJP
SBGR;SBKG
SBGR;SBFN
SBGR;SBPL
SBGR;SBRF
SBGR;SBPB
SBGR;SBTE
SBGR;SBCA
SBGR;SBCT
SBGR;SBFI
SBGR;SBLO
SBGR;SBMG
SBGR;SBCB
SBGR;SBCP
SBGR;SBME
SBGR;SBGL
SBGR;SBNT
SBGR;SBSG
SBGR;SSKW
SBGR;SBJI
SBGR;SBPV
SBGR;SBVH
SBGR;SBBV
SBGR;SBCX
SBGR;SBPF
SBGR;SBPK
SBGR;SBPA
SBGR;SBSM
SBGR;SBCH
SBGR;SBFL
SBGR;SBCM
SBGR;SBJV
SBGR;SBNF
SBGR;SBAR
SBGR;SBAU
SBGR;SBAQ
SBGR;SBAE
SBGR;SBKP
SBGR;SBGR
SBGR;SBML
SBGR;SBDN
SBGR;SBRP
SBGR;SBSR
SBGR;SBSJ
SBGR;SBSP
SBGR;SWGN
SBGR;SBPJ
SBGL;SBCZ
SBGL;SBRB
SBGL;SBMO
SBGL;SWCA
SBGL;SWKO
SBGL;SWEI
SBGL;SWHT
SBGL;SWLB
SBGL;SBEG
SBGL;SBMY
SBGL;SWPI
SBGL;SBUA
SBGL;SBTT
SBGL;SBTF
SBGL;SBMQ
SBGL;SNBR
SBGL;SBFE
SBGL;SBIL
SBGL;SBLE
SBGL;SBUF
SBGL;SBPS
SBGL;SBSV
SBGL;SNTF
SBGL;SNVB
SBGL;SBQV
SBGL;SBFZ
SBGL;SBJU
SBGL;SBBR
SBGL;SBVT
SBGL;SBCN
SBGL;SBGO
SBGL;SWLC
SBGL;SBCI
SBGL;SBIZ
SBGL;SBSL
SBGL;SBAX
SBGL;SBBH
SBGL;SBCF
SBGL;SNDV
SBGL;SBZM
SBGL;SBGV
SBGL;SBJF
SBGL;SBMK
SBGL;SNPD
SBGL;SBIP
SBGL;SBUR
SBGL;SBUL
SBGL;SBDB
SBGL;SBCG
SBGL;SBCR
SBGL;SBDO
SBGL;SBTG
SBGL;SBAT
SBGL;SWRD
SBGL;SWSI
SBGL;SBCY
SBGL;SBMD
SBGL;SBHT
SBGL;SBBE
SBGL;SBAA
SBGL;SBIH
SBGL;SBMA
SBGL;SBTB
SBGL;SDOW
SBGL;SBCJ
SBGL;SNDC
SBGL;SBSN
SBGL;SBTU
SBGL;SBJP
SBGL;SBKG
SBGL;SBFN
SBGL;SBPL
SBGL;SBRF
SBGL;SBPB
SBGL;SBTE
SBGL;SBCA
SBGL;SBCT
SBGL;SBFI
SBGL;SBLO
SBGL;SBMG
SBGL;SBCB
SBGL;SBCP
SBGL;SBME
SBGL;SBGL
SBGL;SBNT
SBGL;SBSG
SBGL;SSKW
SBGL;SBJI
SBGL;SBPV
SBGL;SBVH
SBGL;SBBV
SBGL;SBCX
SBGL;SBPF
SBGL;SBPK
SBGL;SBPA
SBGL;SBSM
SBGL;SBCH
SBGL;SBFL
SBGL;SBCM
SBGL;SBJV
SBGL;SBNF
SBGL;SBAR
SBGL;SBAU
SBGL;SBAQ
SBGL;SBAE
SBGL;SBKP
SBGL;SBGR
SBGL;SBML
SBGL;SBDN
SBGL;SBRP
SBGL;SBSR
SBGL;SBSJ
SBGL;SBSP
SBGL;SWGN
SBGL;SBPJ
SBKP;SBCZ
SBKP;SBRB
SBKP;SBMO
SBKP;SWCA
SBKP;SWKO
SBKP;SWEI
SBKP;SWHT
SBKP;SWLB
SBKP;SBEG
SBKP;SBMY
SBKP;SWPI
SBKP;SBUA
SBKP;SBTT
SBKP;SBTF
SBKP;SBMQ
SBKP;SNBR
SBKP;SBFE
SBKP;SBIL
SBKP;SBLE
SBKP;SBUF
SBKP;SBPS
SBKP;SBSV
SBKP;SNTF
SBKP;SNVB
SBKP;SBQV
SBKP;SBFZ
SBKP;SBJU
SBKP;SBBR
SBKP;SBVT
SBKP;SBCN
SBKP;SBGO
SBKP;SWLC
SBKP;SBCI
SBKP;SBIZ
SBKP;SBSL
SBKP;SBAX
SBKP;SBBH
SBKP;SBCF
SBKP;SNDV
SBKP;SBZM
SBKP;SBGV
SBKP;SBJF
SBKP;SBMK
SBKP;SNPD
SBKP;SBIP
SBKP;SBUR
SBKP;SBUL
SBKP;SBDB
SBKP;SBCG
SBKP;SBCR
SBKP;SBDO
SBKP;SBTG
SBKP;SBAT
SBKP;SWRD
SBKP;SWSI
SBKP;SBCY
SBKP;SBMD
SBKP;SBHT
SBKP;SBBE
SBKP;SBAA
SBKP;SBIH
SBKP;SBMA
SBKP;SBTB
SBKP;SDOW
SBKP;SBCJ
SBKP;SNDC
SBKP;SBSN
SBKP;SBTU
SBKP;SBJP
SBKP;SBKG
SBKP;SBFN
SBKP;SBPL
SBKP;SBRF
SBKP;SBPB
SBKP;SBTE
SBKP;SBCA
SBKP;SBCT
SBKP;SBFI
SBKP;SBLO
SBKP;SBMG
SBKP;SBCB
SBKP;SBCP
SBKP;SBME
SBKP;SBGL
SBKP;SBNT
SBKP;SBSG
SBKP;SSKW
SBKP;SBJI
SBKP;SBPV
SBKP;SBVH
SBKP;SBBV
SBKP;SBCX
SBKP;SBPF
SBKP;SBPK
SBKP;SBPA
SBKP;SBSM
SBKP;SBCH
SBKP;SBFL
SBKP;SBCM
SBKP;SBJV
SBKP;SBNF
SBKP;SBAR
SBKP;SBAU
SBKP;SBAQ
SBKP;SBAE
SBKP;SBKP
SBKP;SBGR
SBKP;SBML
SBKP;SBDN
SBKP;SBRP
SBKP;SBSR
SBKP;SBSJ
SBKP;SBSP
SBKP;SWGN
SBKP;SBPJ
SBDN;SBTG
SBSR;SBAU
SBAU;SBSR
SBRP;SBGL
SBRP;SBFL
SBFL;SBJV
SBFL;SBFZ
SBSR;SBAQ
SBTE;SBBR
SBGO;SBPJ
SBDN;SBRP
SBRP;SBBH
SBSG;SBKG
SBGO;SBGL
SBTG;SBML
SBML;SBAQ
SBAQ;SBKP
SBSR;SBRP
SBSM;SBPA
SBRP;SBSR
SBRP;SBKP
SBCJ;SBGL
SBSJ;SBRF
SBSM;SBPF
SBLO;SBCG
SWSI;SBAT
SBAT;SWSI
SBRP;SBAQ
SBSM;SBBR
SBML;SBDN
SNDV;SBBH
SBMG;SBSV
SBDN;SBBR
SBTG;SBDN
SBDN;SBGL
SBFI;SBSP
SWSI;SBSP
SBSR;SBGL
SBAR;SBBR
SBRP;SBBR
SBSJ;SBSP
SBFL;SBSP
SBFL;SBRP
SBJV;SBFL
SNBR;SBSP
SBFL;SBGR
SBAQ;SBSR
SBFI;SBGL
SBSR;SBPA
SBTE;SBGL
SBGO;SBSP
SBPJ;SBGO
SBNF;SBSP
SBJF;SBSP
SSKW;SBCY
SBCX;SBBR
SBCX;SBGL
SBRP;SBDN
SBRP;SBSP
SBGO;SBBH
SBKG;SBSG
SBGO;SBBR
SBTG;SBGL
SBML;SBTG
SBAQ;SBML
SBSJ;SBGL
SNTF;SBPA
SBSJ;SBKP
SNDV;SBGL
SWLC;SBCT
SBRP;SBPA
SBFL;SBBR
SBFL;SBPA
SBJV;SBSP
SBCJ;SBBR
SWPI;SBEG
SBIZ;SBBR
SBTE;SBBE
SWCA;SBEG
SBKG;SBSP
SBPF;SBSM
SNDV;SBCF
SBLO;SBBR
SBLO;SBPA
SBSL;SBGR
SBCH;SBBR
SWLC;SBKP
SWSI;SBPA
SBSM;SBGL
SBAQ;SBRP
SBUL;SBSP
SBML;SBBR
SBDN;SBML
SBMG;SBGL
