origem;destino;custo_menor_custo;duracao_menor_custo;custo_menor_duracao;duracao_menor_duracao
SBEG;SBCZ;1488;9h 50m;1488;9h 50m
SBEG;SBRB;767;1h 55m;767;1h 55m
SBEG;SBMO;969;6h 50m;999;14h 5m
SBEG;SWCA;NONE;NONE;NONE;NONE
SBEG;SWKO;NONE;NONE;NONE;NONE
SBEG;SWEI;NONE;NONE;NONE;NONE
SBEG;SWHT;NONE;NONE;NONE;NONE
SBEG;SWLB;NONE;NONE;NONE;NONE
SBEG;SBEG;NONE;NONE;NONE;NONE
SBEG;SBMY;NONE;NONE;NONE;NONE
SBEG;SWPI;210;1h;210;1h
SBEG;SBUA;930;1h 5m;930;1h 5m
SBEG;SBTT;551;15m;551;15m
SBEG;SBTF;NONE;NONE;NONE;NONE
SBEG;SBMQ;507;13h 40m;507;13h 40m
SBEG;SNBR;747;6h;747;6h
SBEG;SBFE;NONE;NONE;NONE;NONE
SBEG;SBIL;902;8h 35m;902;8h 35m
SBEG;SBLE;868;22h 15m;868;22h 15m
SBEG;SBUF;NONE;NONE;NONE;NONE
SBEG;SBPS;1034;34h 40m;1034;34h 40m
SBEG;SBSV;823;6h 35m;823;6h 35m
SBEG;SNTF;NONE;NONE;NONE;NONE
SBEG;SBQV;691;8h 25m;691;8h 25m
SBEG;SBFZ;709;3h 20m;709;3h 20m
SBEG;SBJU;659;9h 20m;991;6h 30m
SBEG;SBBR;760;6h 25m;760;6h 25m
SBEG;SBVT;918;6h 10m;918;6h 10m
SBEG;SBCN;1127;11h 10m;1127;11h 10m
SBEG;SBGO;408;9h 35m;408;9h 35m
SBEG;SBIZ;824;16h 10m;824;16h 10m
SBEG;SBSL;665;6h 20m;665;6h 20m
SBEG;SBBH;NONE;NONE;NONE;NONE
SBEG;SBCF;799;23h 5m;824;6h 5m
SBEG;SBZM;NONE;NONE;NONE;NONE
SBEG;SBGV;1233;9h;1233;9h
SBEG;SBMK;1106;9h 30m;1106;9h 30m
SBEG;SNPD;NONE;NONE;NONE;NONE
SBEG;SBIP;1033;8h 45m;1033;8h 45m
SBEG;SBUR;1643;11h 30m;1643;11h 30m
SBEG;SBUL;392;9h 35m;392;9h 35m
SBEG;SBDB;NONE;NONE;NONE;NONE
SBEG;SBCG;836;40h 10m;836;40h 10m
SBEG;SBCR;NONE;NONE;NONE;NONE
SBEG;SBDO;NONE;NONE;NONE;NONE
SBEG;SBTG;NONE;NONE;NONE;NONE
SBEG;SBAT;633;22h 10m;633;22h 10m
SBEG;SWRD;1914;39h;1914;39h
SBEG;SWSI;2100;9h 15m;2100;9h 15m
SBEG;SBCY;993;8h 35m;993;8h 35m
SBEG;SBHT;560;2h 50m;560;2h 50m
SBEG;SBBE;379;2h 10m;379;2h 10m
SBEG;SBIH;340;1h 15m;340;1h 15m
SBEG;SBMA;999;5h 35m;999;5h 35m
SBEG;SBTB;NONE;NONE;NONE;NONE
SBEG;SBCJ;999;6h 45m;999;6h 45m
SBEG;SBSN;543;1h 5m;543;1h 5m
SBEG;SBTU;NONE;NONE;NONE;NONE
SBEG;SBJP;1110;6h 5m;1110;6h 5m
SBEG;SBKG;1106;20h 30m;1106;20h 30m
SBEG;SBFN;1412;11h;1412;11h
SBEG;SBPL;926;10h;926;10h
SBEG;SBRF;600;11h 35m;600;11h 35m
SBEG;SBPB;NONE;NONE;NONE;NONE
SBEG;SBTE;695;6h 55m;695;6h 55m
SBEG;SBCA;887;6h 50m;887;6h 50m
SBEG;SBCT;731;6h;731;6h
SBEG;SBFI;1106;6h 45m;1106;6h 45m
SBEG;SBLO;1103;39h 25m;1103;39h 25m
SBEG;SBMG;1106;6h 10m;1106;6h 10m
SBEG;SBCB;2100;30h 40m;2100;30h 40m
SBEG;SBCP;NONE;NONE;NONE;NONE
SBEG;SBME;NONE;NONE;NONE;NONE
SBEG;SBGL;800;4h 5m;800;4h 5m
SBEG;SBNT;NONE;NONE;NONE;NONE
SBEG;SBSG;818;26h 40m;818;26h 40m
SBEG;SSKW;727;22h 10m;727;22h 10m
SBEG;SBPV;568; 1h 20m;488;120
SBEG;SBVH;1877;11h 25m;1877;11h 25m
SBEG;SBBV;521;1h 25m;521;1h 25m
SBEG;SBCX;1169;8h 45m;1169;8h 45m
SBEG;SBPF;1045;23h 50m;1045;23h 50m
SBEG;SBPK;1289;9h 5m;1289;9h 5m
SBEG;SBPA;581;14h 20m;581;14h 20m
SBEG;SBSM;971;13h 30m;971;13h 30m
SBEG;SBCH;791;7h 30m;791;7h 30m
SBEG;SBFL;427;12h 20m;427;12h 20m
SBEG;SBCM;NONE;NONE;NONE;NONE
SBEG;SBJV;353;7h 15m;353;7h 15m
SBEG;SBNF;966;6h;966;6h
SBEG;SBAR;881;9h 50m;881;9h 50m
SBEG;SBAU;1320;7h 35m;1320;7h 35m
SBEG;SBAQ;NONE;NONE;NONE;NONE
SBEG;SBAE;NONE;NONE;NONE;NONE
SBEG;SBKP;728;5h 55m;728;5h 55m
SBEG;SBGR;463;3h 50m;463;3h 50m
SBEG;SBML;681;11h 45m;681;11h 45m
SBEG;SBDN;1169;7h 10m;1169;7h 10m
SBEG;SBRP;1080;6h 45m;1080;6h 45m
SBEG;SBSR;747;6h 15m;747;6h 15m
SBEG;SBSJ;NONE;NONE;NONE;NONE
SBEG;SBSP;826;5h 15m;826;5h 15m
SBEG;SWGN;854;23h 55m;854;23h 55m
SBEG;SBPJ;807;5h 5m;807;5h 5m
SBEG;SBRJ;651;8h 25m;651;8h 25m
SBSV;SBCZ;1248;8h 40m;1248;8h 40m
SBSV;SBRB;1248;7h 50m;1248;7h 50m
SBSV;SBMO;633; 2h 50m; 633;250
SBSV;SWKO;NONE;NONE;NONE;NONE
SBSV;SWEI;NONE;NONE;NONE;NONE
SBSV;SBEG;866;7h 15m;866;7h 15m
SBSV;SWPI;NONE;NONE;NONE;NONE
SBSV;SBUA;NONE;NONE;NONE;NONE
SBSV;SBTT;972; 7h 40m;892;740
SBSV;SBTF;NONE;NONE;NONE;NONE
SBSV;SBMQ;633;36h 20m;633;36h 20m
SBSV;SNBR;405;1h 55m;405;1h 55m
SBSV;SBFE;NONE;NONE;NONE;NONE
SBSV;SBIL;970;7h 45m;970;7h 45m
SBSV;SBLE;NONE;NONE;NONE;NONE
SBSV;SBUF;NONE;NONE;NONE;NONE
SBSV;SBPS;626;55m;626;55m
SBSV;SBSV;NONE;NONE;NONE;NONE
SBSV;SNTF;NONE;NONE;NONE;NONE
SBSV;SNVB;NONE;NONE;NONE;NONE
SBSV;SBQV;181;50m;181;50m
SBSV;SBFZ;162;3h 15m;162;3h 15m
SBSV;SBJU;462;6h 35m;462;6h 35m
SBSV;SBBR;368;3h 50m;368;3h 50m
SBSV;SBVT;245;8h 35m;245;8h 35m
SBSV;SBCN;1193;5h 15m;1193;5h 15m
SBSV;SBGO;439;5h 40m;439;5h 40m
SBSV;SWLC;800;10h 20m;800;10h 20m
SBSV;SBIZ;585;39h 20m;585;39h 20m
SBSV;SBSL;422;16h 40m;422;16h 40m
SBSV;SBAX;NONE;NONE;NONE;NONE
SBSV;SBBH;NONE;NONE;NONE;NONE
SBSV;SBCF;418;1h 40m;418;1h 40m
SBSV;SBZM;NONE;NONE;NONE;NONE
SBSV;SBGV;1275;7h 30m;1275;7h 30m
SBSV;SBJF;1010;7h 50m;1010;7h 50m
SBSV;SBMK;531;7h 45m;531;7h 45m
SBSV;SNPD;NONE;NONE;NONE;NONE
SBSV;SBIP;870;3h 10m;870;3h 10m
SBSV;SBUR;824;12h 30m;824;12h 30m
SBSV;SBUL;972; 7h 40m;892;740
SBSV;SBDB;NONE;NONE;NONE;NONE
SBSV;SBCG;761; 22h 45m; 761;2245
SBSV;SBCR;NONE;NONE;NONE;NONE
SBSV;SBDO;NONE;NONE;NONE;NONE
SBSV;SBTG;NONE;NONE;NONE;NONE
SBSV;SBAT;1502; 9h 30m;1422;930
SBSV;SWRD;2185; 5h 40m;2100;540
SBSV;SWSI;2100;7h 25m;2100;7h 25m
SBSV;SBCY;679;5h 35m;679;5h 35m
SBSV;SBHT;1279;9h 30m;1279;9h 30m
SBSV;SBBE;353;5h 40m;353;5h 40m
SBSV;SBIH;NONE;NONE;NONE;NONE
SBSV;SBMA;739;17h 45m;739;17h 45m
SBSV;SBTB;NONE;NONE;NONE;NONE
SBSV;SBCJ;1002;8h 30m;1002;8h 30m
SBSV;SBSN;504;9h 25m;504;9h 25m
SBSV;SBJP;220;1h 25m;220;1h 25m
SBSV;SBKG;795;4h 35m;795;4h 35m
SBSV;SBFN;914;3h 15m;914;3h 15m
SBSV;SBPL;225;1h 20m;225;1h 20m
SBSV;SBRF;226;3h 25m;226;3h 25m
SBSV;SBPB;NONE;NONE;NONE;NONE
SBSV;SBTE;341;16h 25m;341;16h 25m
SBSV;SBCA;437;7h 20m;437;7h 20m
SBSV;SBCT;976;4h;976;4h
SBSV;SBFI;444;7h 10m;444;7h 10m
SBSV;SBLO;460;4h 40m;460;4h 40m
SBSV;SBMG;475;8h 35m;475;8h 35m
SBSV;SBCB;NONE;NONE;NONE;NONE
SBSV;SBCP;923;5h 30m;923;5h 30m
SBSV;SBME;NONE;NONE;NONE;NONE
SBSV;SBGL;971;4h 20m;971;4h 20m
SBSV;SBNT;NONE;NONE;NONE;NONE
SBSV;SBSG;242;1h 30m;242;1h 30m
SBSV;SSKW;1770;9h 30m;1770;9h 30m
SBSV;SBJI;NONE;NONE;NONE;NONE
SBSV;SBPV;1046;7h 55m;1046;7h 55m
SBSV;SBVH;2100;9h 35m;2100;9h 35m
SBSV;SBBV;1169;8h 30m;1169;8h 30m
SBSV;SBCX;829;5h 45m;829;5h 45m
SBSV;SBPF;1081;5h 25m;1081;5h 25m
SBSV;SBPK;975;7h 15m;975;7h 15m
SBSV;SBPA;496;5h 5m;496;5h 5m
SBSV;SBSM;1307;14h 10m;1307;14h 10m
SBSV;SBCH;831;9h 25m;831;9h 25m
SBSV;SBFL;507;4h 40m;507;4h 40m
SBSV;SBCM;NONE;NONE;NONE;NONE
SBSV;SBJV;379;8h 25m;379;8h 25m
SBSV;SBNF;504;4h 35m;504;4h 35m
SBSV;SBAR;137;50m;137;50m
SBSV;SBAU;535;9h 50m;535;9h 50m
SBSV;SBAQ;NONE;NONE;NONE;NONE
SBSV;SBAE;NONE;NONE;NONE;NONE
SBSV;SBKP;341;2h 25m;341;2h 25m
SBSV;SBGR;265;2h 25m;265;2h 25m
SBSV;SBML;602;9h 55m;602;9h 55m
SBSV;SBDN;565;9h 35m;565;9h 35m
SBSV;SBRP;380;4h 30m;380;4h 30m
SBSV;SBSR;625;8h 30m;625;8h 30m
SBSV;SBSJ;1003;14h;1003;14h
SBSV;SBSP;370;12h 55m;370;12h 55m
SBSV;SWGN;939;21h 10m;939;21h 10m
SBSV;SBPJ;762;4h;762;4h
SBSV;SBRJ;260;11h 55m;260;11h 55m
SBFZ;SBCZ;NONE;NONE;NONE;NONE
SBFZ;SBRB;1110;34h 50m;1110;34h 50m
SBFZ;SBMO;1126;5h 50m;1126;5h 50m
SBFZ;SWEI;NONE;NONE;NONE;NONE
SBFZ;SBEG;1023;6h 40m;1023;6h 40m
SBFZ;SBUA;NONE;NONE;NONE;NONE
SBFZ;SBTT;751;23h 25m;751;23h 25m
SBFZ;SBTF;NONE;NONE;NONE;NONE
SBFZ;SBMQ;535;8h;535;8h
SBFZ;SNBR;661;17h 30m;661;17h 30m
SBFZ;SBIL;925;36h 55m;925;36h 55m
SBFZ;SBLE;873;17h 30m;873;17h 30m
SBFZ;SBUF;NONE;NONE;NONE;NONE
SBFZ;SBPS;551;7h 20m;551;7h 20m
SBFZ;SBSV;171;1h 45m;171;1h 45m
SBFZ;SNTF;NONE;NONE;NONE;NONE
SBFZ;SBQV;671;13h 40m;671;13h 40m
SBFZ;SBFZ;NONE;NONE;NONE;NONE
SBFZ;SBJU;64;1h;64;1h
SBFZ;SBBR;520;11h;520;11h
SBFZ;SBVT;453;12h 40m;453;12h 40m
SBFZ;SBCN;1127;7h 40m;1127;7h 40m
SBFZ;SBGO;380;10h;380;10h
SBFZ;SWLC;1001;11h 45m;1001;11h 45m
SBFZ;SBIZ;388; 7h 10m; 388;710
SBFZ;SBSL;320; 1h 15m; 333;110
SBFZ;SBAX;NONE;NONE;NONE;NONE
SBFZ;SBBH;NONE;NONE;NONE;NONE
SBFZ;SBCF;741;6h;741;6h
SBFZ;SBZM;NONE;NONE;NONE;NONE
SBFZ;SBGV;1075;6h 5m;1075;6h 5m
SBFZ;SBJF;873;15h 25m;873;15h 25m
SBFZ;SBMK;565;11h 25m;565;11h 25m
SBFZ;SNPD;NONE;NONE;NONE;NONE
SBFZ;SBIP;1911;5h 35m;1911;5h 35m
SBFZ;SBUR;1044;8h 35m;1044;8h 35m
SBFZ;SBUL;378;10h;378;10h
SBFZ;SBDB;NONE;NONE;NONE;NONE
SBFZ;SBCG;522;8h 30m;522;8h 30m
SBFZ;SBCR;NONE;NONE;NONE;NONE
SBFZ;SBDO;NONE;NONE;NONE;NONE
SBFZ;SBTG;NONE;NONE;NONE;NONE
SBFZ;SBAT;1193;11h 20m;1193;11h 20m
SBFZ;SWRD;1497;28h 10m;1497;28h 10m
SBFZ;SWSI;2100;8h 50m;2100;8h 50m
SBFZ;SBCY;886;21h 35m;886;21h 35m
SBFZ;SBHT;1195;3h 55m;1195;3h 55m
SBFZ;SBBE;396;2h;396;2h
SBFZ;SBIH;NONE;NONE;NONE;NONE
SBFZ;SBMA;504;13h 25m;504;13h 25m
SBFZ;SBCJ;523;14h 30m;523;14h 30m
SBFZ;SBSN;586;13h 30m;586;13h 30m
SBFZ;SBJP;935;6h 5m;935;6h 5m
SBFZ;SBKG;572;2h 35m;572;2h 35m
SBFZ;SBFN;1059;3h 5m;1059;3h 5m
SBFZ;SBPL;926;7h 30m;926;7h 30m
SBFZ;SBRF;81;1h 10m;81;1h 10m
SBFZ;SBPB;NONE;NONE;NONE;NONE
SBFZ;SBTE;333;1h;333;1h
SBFZ;SBCA;558;16h 5m;558;16h 5m
SBFZ;SBCT;670;5h 50m;670;5h 50m
SBFZ;SBFI;718;6h 5m;718;6h 5m
SBFZ;SBLO;710;16h 30m;710;16h 30m
SBFZ;SBMG;1086;11h 20m;1086;11h 20m
SBFZ;SBCB;1154;19h 50m;1154;19h 50m
SBFZ;SBCP;923;6h 55m;923;6h 55m
SBFZ;SBME;NONE;NONE;NONE;NONE
SBFZ;SBGL;562;5h 10m;562;5h 10m
SBFZ;SBNT;NONE;NONE;NONE;NONE
SBFZ;SBSG;267;1h;267;1h
SBFZ;SSKW;1852;11h 20m;1852;11h 20m
SBFZ;SBJI;NONE;NONE;NONE;NONE
SBFZ;SBPV;828;18h;828;18h
SBFZ;SBVH;2100;11h 25m;2100;11h 25m
SBFZ;SBBV;1120;24h 50m;1120;24h 50m
SBFZ;SBCX;829; 11h 25m; 829;1125
SBFZ;SBPF;989;11h 10m;989;11h 10m
SBFZ;SBPK;1446;9h 5m;1446;9h 5m
SBFZ;SBPA;698;8h 20m;698;8h 20m
SBFZ;SBSM;1008;13h 30m;1008;13h 30m
SBFZ;SBCH;931;6h 5m;931;6h 5m
SBFZ;SBFL;995;10h 10m;995;10h 10m
SBFZ;SBCM;NONE;NONE;NONE;NONE
SBFZ;SBJV;501;8h 50m;501;8h 50m
SBFZ;SBNF;747;7h 40m;747;7h 40m
SBFZ;SBAR;544;3h 20m;544;3h 20m
SBFZ;SBAU;804;11h 15m;804;11h 15m
SBFZ;SBAQ;NONE;NONE;NONE;NONE
SBFZ;SBAE;NONE;NONE;NONE;NONE
SBFZ;SBKP;530;7h 30m;530;7h 30m
SBFZ;SBGR;456;3h 25m;456;3h 25m
SBFZ;SBML;793;11h 20m;793;11h 20m
SBFZ;SBDN;756;11h;756;11h
SBFZ;SBRP;706; 4h 55m; 706;1510
SBFZ;SBSR;644;9h 45m;644;9h 45m
SBFZ;SBSJ;938;15h 25m;938;15h 25m
SBFZ;SBSP;952;9h 25m;952;9h 25m
SBFZ;SWGN;673;22h 20m;673;22h 20m
SBFZ;SBPJ;1053;6h 45m;1053;6h 45m
SBFZ;SBRJ;811;7h;811;7h
SBBR;SBCZ;989;5h 20m;989;5h 20m
SBBR;SBRB;1031;43h 40m;1031;43h 40m
SBBR;SBMO;693;6h 15m;693;6h 15m
SBBR;SWKO;NONE;NONE;NONE;NONE
SBBR;SBEG;593;21h 40m;593;21h 40m
SBBR;SWPI;NONE;NONE;NONE;NONE
SBBR;SBUA;NONE;NONE;NONE;NONE
SBBR;SBTT;806;13h 35m;806;13h 35m
SBBR;SBTF;NONE;NONE;NONE;NONE
SBBR;SBMQ;1099; 7h 5m;1099;245
SBBR;SNBR;256;1h 30m;256;1h 30m
SBBR;SBFE;NONE;NONE;NONE;NONE
SBBR;SBIL;537;23h 15m;537;23h 15m
SBBR;SBLE;NONE;NONE;NONE;NONE
SBBR;SBUF;NONE;NONE;NONE;NONE
SBBR;SBPS;659; 1h 45m; 726;1340
SBBR;SBSV;251; 5h 40m; 286;535
SBBR;SNTF;NONE;NONE;NONE;NONE
SBBR;SNVB;NONE;NONE;NONE;NONE
SBBR;SBQV;342;4h 20m;342;4h 20m
SBBR;SBFZ;680; 5h 45m;677;1120
SBBR;SBJU;523;6h;523;6h
SBBR;SBBR;NONE;NONE;NONE;NONE
SBBR;SBVT;141;3h 25m;141;3h 25m
SBBR;SBGO;486;12h 10m;486;12h 10m
SBBR;SWLC;737;4h 20m;737;4h 20m
SBBR;SBCI;NONE;NONE;NONE;NONE
SBBR;SBIZ;588;12h 40m;588;12h 40m
SBBR;SBSL;626;19h 55m;626;19h 55m
SBBR;SBAX;NONE;NONE;NONE;NONE
SBBR;SBBH;NONE;NONE;NONE;NONE
SBBR;SBCF;88;1h 15m;88;1h 15m
SBBR;SNDV;NONE;NONE;NONE;NONE
SBBR;SBZM;NONE;NONE;NONE;NONE
SBBR;SBGV;1164; 2h 50m; 1164;250
SBBR;SBJF;828; 5h 15m; 869;445
SBBR;SBMK;682;3h;682;3h
SBBR;SNPD;NONE;NONE;NONE;NONE
SBBR;SBIP;828; 5h 15m; 869;445
SBBR;SBUR;725; 5h 20m;645;520
SBBR;SBUL;499; 18h;365;110
SBBR;SBDB;NONE;NONE;NONE;NONE
SBBR;SBCG;445; 16h 20m; 506;1410
SBBR;SBCR;NONE;NONE;NONE;NONE
SBBR;SBDO;NONE;NONE;NONE;NONE
SBBR;SBTG;NONE;NONE;NONE;NONE
SBBR;SBAT;1130; 4h 10m;1050;410
SBBR;SWRD;1170;4h 50m;1170;4h 50m
SBBR;SWSI;790;16h;790;16h
SBBR;SBCY;519;1h 40m;519;1h 40m
SBBR;SBMD;NONE;NONE;NONE;NONE
SBBR;SBHT;955;8h 45m;955;8h 45m
SBBR;SBBE;668;24h 55m;668;24h 55m
SBBR;SBIH;NONE;NONE;NONE;NONE
SBBR;SBMA;346;2h;346;2h
SBBR;SBTB;NONE;NONE;NONE;NONE
SBBR;SDOW;NONE;NONE;NONE;NONE
SBBR;SBCJ;1033;6h 25m;1033;6h 25m
SBBR;SNDC;NONE;NONE;NONE;NONE
SBBR;SBSN;715;7h 25m;715;7h 25m
SBBR;SBJP;748;13h 55m;748;13h 55m
SBBR;SBKG;744;5h 50m;744;5h 50m
SBBR;SBFN;1376;7h 45m;1376;7h 45m
SBBR;SBPL;777;5h 45m;777;5h 45m
SBBR;SBRF;272;5h 55m;272;5h 55m
SBBR;SBPB;NONE;NONE;NONE;NONE
SBBR;SBTE;558;24h 55m;558;24h 55m
SBBR;SBCA;671;4h 25m;671;4h 25m
SBBR;SBCT;426;4h 30m;426;4h 30m
SBBR;SBFI;828;4h 20m;828;4h 20m
SBBR;SBLO;355;3h 45m;355;3h 45m
SBBR;SBMG;435;3h 55m;435;3h 55m
SBBR;SBCB;853;20h 30m;853;20h 30m
SBBR;SBCP;865;4h 45m;865;4h 45m
SBBR;SBME;NONE;NONE;NONE;NONE
SBBR;SBGL;435;15h 35m;435;15h 35m
SBBR;SBNT;NONE;NONE;NONE;NONE
SBBR;SBSG;585;20h 10m;585;20h 10m
SBBR;SSKW;923;4h 10m;923;4h 10m
SBBR;SBJI;NONE;NONE;NONE;NONE
SBBR;SBPV;822; 4h 45m; 952;20
SBBR;SBVH;1317;4h 15m;1317;4h 15m
SBBR;SBBV;939;17h 10m;939;17h 10m
SBBR;SBCX;1071;4h;1071;4h
SBBR;SBPF;793;9h 10m;793;9h 10m
SBBR;SBPK;588;6h 40m;588;6h 40m
SBBR;SBPA;180;4h 10m;180;4h 10m
SBBR;SBSM;1085;5h 40m;1085;5h 40m
SBBR;SBCH;931; 4h 15m; 931;415
SBBR;SBFL;275;8h 50m;275;8h 50m
SBBR;SBCM;NONE;NONE;NONE;NONE
SBBR;SBJV;353;3h 55m;353;3h 55m
SBBR;SBNF;494;4h 20m;494;4h 20m
SBBR;SBAR;430;20h 15m;430;20h 15m
SBBR;SBAU;715; 3h 50m;635;350
SBBR;SBAQ;NONE;NONE;NONE;NONE
SBBR;SBAE;NONE;NONE;NONE;NONE
SBBR;SBKP;369;1h 35m;369;1h 35m
SBBR;SBGR;166;3h 50m;166;3h 50m
SBBR;SBML;597;3h 55m;597;3h 55m
SBBR;SBDN;508;4h;508;4h
SBBR;SBRP;251;10h;261;13h 35m
SBBR;SBSR;323;1h 40m;323;1h 40m
SBBR;SBSJ;494;13h 15m;494;13h 15m
SBBR;SBSP;176;7h 40m;176;7h 40m
SBBR;SWGN;1099;5h 10m;1099;5h 10m
SBBR;SBPJ;760;21h 30m;760;21h 30m
SBBR;SBRJ;452;4h 25m;452;4h 25m
SBVT;SBCZ;1248;12h 25m;1248;12h 25m
SBVT;SBRB;945;18h 50m;945;18h 50m
SBVT;SBMO;679;12h 45m;679;12h 45m
SBVT;SWKO;NONE;NONE;NONE;NONE
SBVT;SBEG;966;6h 10m;966;6h 10m
SBVT;SWPI;NONE;NONE;NONE;NONE
SBVT;SBUA;NONE;NONE;NONE;NONE
SBVT;SBTT;800;14h 15m;800;14h 15m
SBVT;SBTF;NONE;NONE;NONE;NONE
SBVT;SBMQ;760;39h 25m;776;40h
SBVT;SNBR;399;27h 20m;399;27h 20m
SBVT;SBFE;NONE;NONE;NONE;NONE
SBVT;SBIL;918;5h 15m;918;5h 15m
SBVT;SBLE;NONE;NONE;NONE;NONE
SBVT;SBUF;NONE;NONE;NONE;NONE
SBVT;SBPS;501;4h 5m;501;4h 5m
SBVT;SBSV;268;15h 45m;268;15h 45m
SBVT;SNTF;NONE;NONE;NONE;NONE
SBVT;SNVB;NONE;NONE;NONE;NONE
SBVT;SBQV;353;5h 20m;353;5h 20m
SBVT;SBFZ;239;2h 50m;239;2h 50m
SBVT;SBJU;694;5h 20m;694;5h 20m
SBVT;SBBR;141;3h 45m;141;3h 45m
SBVT;SBVT;NONE;NONE;NONE;NONE
SBVT;SBCN;1377;5h 20m;1377;5h 20m
SBVT;SBGO;468;5h 15m;468;5h 15m
SBVT;SWLC;758;4h 55m;758;4h 55m
SBVT;SBIZ;779;17h;779;17h
SBVT;SBSL;732;5h 5m;732;5h 5m
SBVT;SBAX;NONE;NONE;NONE;NONE
SBVT;SBBH;NONE;NONE;NONE;NONE
SBVT;SBCF;176;6h 15m;176;6h 15m
SBVT;SBZM;NONE;NONE;NONE;NONE
SBVT;SBGV;997;3h 5m;997;3h 5m
SBVT;SBJF;991;4h 35m;991;4h 35m
SBVT;SBMK;432;3h 10m;432;3h 10m
SBVT;SNPD;NONE;NONE;NONE;NONE
SBVT;SBIP;1037;2h 20m;1037;2h 20m
SBVT;SBUR;577;5h 35m;577;5h 35m
SBVT;SBUL;550;4h 30m;550;4h 30m
SBVT;SBDB;NONE;NONE;NONE;NONE
SBVT;SBCG;373;26h;373;26h
SBVT;SBCR;NONE;NONE;NONE;NONE
SBVT;SBDO;NONE;NONE;NONE;NONE
SBVT;SBTG;NONE;NONE;NONE;NONE
SBVT;SBAT;842;8h 45m;842;8h 45m
SBVT;SWRD;2185; 5h 30m;2100;530
SBVT;SWSI;2100;6h 40m;2100;6h 40m
SBVT;SBCY;634;5h 15m;634;5h 15m
SBVT;SBHT;1113;8h 55m;1113;8h 55m
SBVT;SBBE;609;36h;609;36h
SBVT;SBIH;NONE;NONE;NONE;NONE
SBVT;SBMA;451;6h 50m;451;6h 50m
SBVT;SBTB;NONE;NONE;NONE;NONE
SBVT;SBCJ;996;6h;1002;6h 40m
SBVT;SBSN;1031; 8h;645;235
SBVT;SBJP;831;42h 15m;831;42h 15m
SBVT;SBKG;679;14h 55m;679;14h 55m
SBVT;SBFN;1031; 8h;645;235
SBVT;SBPL;693;14h;693;14h
SBVT;SBRF;432;2h 20m;432;2h 20m
SBVT;SBTE;1029; 8h 20m; 787;23h 15m
SBVT;SBCA;605;6h 50m;605;6h 50m
SBVT;SBCT;245;3h 30m;245;3h 30m
SBVT;SBFI;208;14h 10m;208;14h 10m
SBVT;SBLO;352;4h 35m;352;4h 35m
SBVT;SBMG;538;9h 20m;538;9h 20m
SBVT;SBCB;NONE;NONE;NONE;NONE
SBVT;SBME;NONE;NONE;NONE;NONE
SBVT;SBGL;371;1h 5m;371;1h 5m
SBVT;SBNT;NONE;NONE;NONE;NONE
SBVT;SBSG;727;31h 45m;727;31h 45m
SBVT;SSKW;1041;15h 55m;1041;15h 55m
SBVT;SBJI;NONE;NONE;NONE;NONE
SBVT;SBPV;795;7h 30m;795;7h 30m
SBVT;SBVH;2100;8h 50m;2100;8h 50m
SBVT;SBBV;1075;26h 25m;1075;26h 25m
SBVT;SBCX;397;7h 25m;397;7h 25m
SBVT;SBPF;1020;4h 20m;1020;4h 20m
SBVT;SBPK;763;6h 30m;763;6h 30m
SBVT;SBPA;208;7h 30m;208;7h 30m
SBVT;SBSM;984;6h 15m;984;6h 15m
SBVT;SBCH;881;8h 50m;881;8h 50m
SBVT;SBFL;187;8h 10m;187;8h 10m
SBVT;SBCM;NONE;NONE;NONE;NONE
SBVT;SBJV;335;8h 50m;335;8h 50m
SBVT;SBNF;411;5h;411;5h
SBVT;SBAR;652;29h 15m;652;29h 15m
SBVT;SBAU;544;9h 5m;544;9h 5m
SBVT;SBAQ;NONE;NONE;NONE;NONE
SBVT;SBAE;NONE;NONE;NONE;NONE
SBVT;SBKP;650;10h 5m;650;10h 5m
SBVT;SBGR;252;1h 35m;252;1h 35m
SBVT;SBML;2015; 4h 10m; 2015;410
SBVT;SBDN;392; 9h;397;430
SBVT;SBRP;173;11h 55m;173;11h 55m
SBVT;SBSR;656; 4h 55m;615;2325
SBVT;SBSJ;393;6h 10m;393;6h 10m
SBVT;SBSP;88;1h 35m;88;1h 35m
SBVT;SWGN;455;22h 30m;455;22h 30m
SBVT;SBPJ;808;9h 5m;808;9h 5m
SBVT;SBRJ;235;1h;235;1h
SBCF;SBCZ;1248;7h 40m;1248;7h 40m
SBCF;SBRB;872;30h 15m;872;30h 15m
SBCF;SBMO;850;11h 10m;850;11h 10m
SBCF;SWKO;NONE;NONE;NONE;NONE
SBCF;SWEI;NONE;NONE;NONE;NONE
SBCF;SBEG;922;4h 55m;922;4h 55m
SBCF;SWPI;NONE;NONE;NONE;NONE
SBCF;SBUA;NONE;NONE;NONE;NONE
SBCF;SBTT;660;13h 10m;660;13h 10m
SBCF;SBTF;NONE;NONE;NONE;NONE
SBCF;SBMQ;630;38h 25m;630;38h 25m
SBCF;SNBR;406;16h 45m;406;16h 45m
SBCF;SBFE;NONE;NONE;NONE;NONE
SBCF;SBIL;551;5h 15m;551;5h 15m
SBCF;SBLE;994;17h 30m;994;17h 30m
SBCF;SBUF;NONE;NONE;NONE;NONE
SBCF;SBPS;570;20h 25m;570;20h 25m
SBCF;SBSV;502;1h 40m;502;1h 40m
SBCF;SNTF;NONE;NONE;NONE;NONE
SBCF;SNVB;NONE;NONE;NONE;NONE
SBCF;SBQV;526;4h 25m;526;4h 25m
SBCF;SBFZ;741;15h 15m;741;15h 15m
SBCF;SBJU;694;4h 50m;694;4h 50m
SBCF;SBBR;153; 1h 20m;88;120
SBCF;SBVT;166;6h 50m;176;6h 35m
SBCF;SBCN;1193;3h 45m;1193;3h 45m
SBCF;SBGO;655;1h 25m;655;1h 25m
SBCF;SWLC;589;5h 55m;589;5h 55m
SBCF;SBIZ;999;6h 55m;999;6h 55m
SBCF;SBSL;746;16h 25m;746;16h 25m
SBCF;SBMO;850;11h 10m;899;4h 45m
SBCF;SWKO;NONE;NONE;NONE;NONE
SBCF;SWEI;NONE;NONE;NONE;NONE
SBCF;SBEG;922;4h 55m;1012;6h 30m
SBCF;SWPI;NONE;NONE;NONE;NONE
SBCF;SBUA;NONE;NONE;NONE;NONE
SBCF;SBTT; 740; 13h 10m;660;13h 10m
SBCF;SBTF;NONE;NONE;NONE;NONE
SBCF;SBMQ;750;26h 10m;912;20h 20m
SBCF;SNBR; 496; 4h 5m;482;215
SBCF;SBFE;NONE;NONE;NONE;NONE
SBCF;SBIL; 551; 18h 20m; 866;120
SBCF;SBLE; 1074; 17h 30m;994;1730
SBCF;SBUF;NONE;NONE;NONE;NONE
SBCF;SBPS; 653; 1h 10m; 653;110
SBCF;SBSV; 502; 1h 40m; 502;1215
SBCF;SNTF;NONE;NONE;NONE;NONE
SBCF;SNVB;NONE;NONE;NONE;NONE
SBCF;SBQV; 592; 4h 25m; 607;110
SBCF;SBFZ; 757; 2h 55m;741;1515
SBCF;SBJU; 733; 6h 5m; 773;1050
SBCF;SBBR; 153; 1h 20m;88;120
SBCF;SBVT; 603; 1h; 670;1
SBCF;SBCN; 1258; 3h 45m;1193;345
SBCF;SBGO; 735; 1h 25m; 818;120
SBCF;SWLC; 669; 5h 55m;589;555
SBCF;SBIZ; 1048; 7h 10m;999;655
SBCF;SBSL; 821; 4h 25m;746;1625
SBCF;SBAX;NONE;NONE;NONE;NONE
SBCF;SBCF;NONE;NONE;NONE;NONE
SBCF;SBZM;NONE;NONE;NONE;NONE
SBCF;SBGV; 1176; 50m;1091;50
SBCF;SBJF; 690; 4h 15m;610;415
SBCF;SBMK; 590; 1h 10m;510;110
SBCF;SNPD;NONE;NONE;NONE;NONE
SBCF;SBIP; 430; 45m;356;45
SBCF;SBUR; 436; 1h 20m;356;120
SBCF;SBUL; 533; 1h 30m; 610;130
SBCF;SBDB;NONE;NONE;NONE;NONE
SBCF;SBCG; 489; 8h 40m; 489;165
SBCF;SBCR;NONE;NONE;NONE;NONE
SBCF;SBDO;NONE;NONE;NONE;NONE
SBCF;SBTG;NONE;NONE;NONE;NONE
SBCF;SBAT; 1131; 16h 55m; 1131;1655
SBCF;SWRD; 1115; 17h 30m;1050;1730
SBCF;SWSI; 1395; 3h 45m; 1510;1450
SBCF;SBCY; 794; 5h 5m; 794;16
SBCF;SBHT; 940; 5h 25m;855;525
SBCF;SBBE; 678; 7h 55m; 979;310
SBCF;SBIH;NONE;NONE;NONE;NONE
SBCF;SBMA; 555; 4h; 555;1950
SBCF;SBTB;NONE;NONE;NONE;NONE
SBCF;SBCJ; 901; 2h 30m;901;230
SBCF;SBSN; 1042; 20h 55m; 1095;1915
SBCF;SBTU;NONE;NONE;NONE;NONE
SBCF;SBJP; 587; 10h; 587;10
SBCF;SBKG; 716; 3h 50m;651;350
SBCF;SBFN; 1395; 16h 5m;1330;165
SBCF;SBPL; 842; 13h 25m;777;1325
SBCF;SBRF; 732; 9h; 889;225
SBCF;SBPB;NONE;NONE;NONE;NONE
SBCF;SBTE; 576; 16h 20m;576;1010
SBCF;SBCA; 711; 4h 5m;678;420
SBCF;SBCT; 433; 5h 55m; 456;255
SBCF;SBFI; 208; 4h 30m; 599;350
SBCF;SBLO; 353; 4h 15m; 353;415
SBCF;SBMG; 784; 3h 45m;784;325
SBCF;SBCB;NONE;NONE;NONE;NONE
SBCF;SBCP; 436; 4h 45m; 480;3
SBCF;SBME;NONE;NONE;NONE;NONE
SBCF;SBGL; 347; 6h 45m; 400;1
SBCF;SBNT;NONE;NONE;NONE;NONE
SBCF;SBSG; 570; 17h 5m; 570;175
SBCF;SSKW; 1189; 5h 50m; 1428;1655
SBCF;SBJI;NONE;NONE;NONE;NONE
SBCF;SBPV; 1093; 5h 10m;888;2140
SBCF;SBVH; 1480; 5h 55m;1400;555
SBCF;SBBV; 1021; 27h 30m;970;1645
SBCF;SBCX; 829; 5h 35m;829;340
SBCF;SBPF; 1146; 4h 35m;1081;435
SBCF;SBPK; 897; 4h 45m;817;445
SBCF;SBPA; 208; 6h 45m; 800;220
SBCF;SBSM; 935; 7h 15m;855;715
SBCF;SBCH; 1042; 3h 35m; 977;335
SBCF;SBFL; 187; 6h 55m; 500;315
SBCF;SBCM;NONE;NONE;NONE;NONE
SBCF;SBJV; 353; 5h 55m;353;330
SBCF;SBNF; 208; 3h 35m; 637;255
SBCF;SBAR; 649; 20h 55m; 716;1115
SBCF;SBAU; 494; 5h 25m; 667;340
SBCF;SBAQ;NONE;NONE;NONE;NONE
SBCF;SBAE;NONE;NONE;NONE;NONE
SBCF;SBKP; 392; 7h 5m;386;110
SBCF;SBGR; 143; 1h 15m; 240;110
SBCF;SBML; 424; 3h 15m; 424;315
SBCF;SBDN; 525; 4h; 601;355
SBCF;SBRP; 460; 1h 25m; 460;125
SBCF;SBSR; 390; 3h 30m; 390;330
SBCF;SBSJ; 518; 3h 55m;438;355
SBCF;SBSP; 153; 1h 15m;88;115
SBCF;SWGN; 977; 21h 35m;912;2135
SBCF;SBPJ; 511; 5h 9m; 545;1340
SBCF;SBRJ; 450; 1h 5m; 450;1
SBCG;SBCZ; 1313; 10h 15m;1248;1015
SBCG;SBRB; 1093; 16h 40m; 1158;1640
SBCG;SBMO; 732; 11h; 802;11
SBCG;SWKO;NONE;NONE;NONE;NONE
SBCG;SBEG; 845; 9h 10m;803;550
SBCG;SWPI;NONE;NONE;NONE;NONE
SBCG;SBTT; 1156; 13h 35m;1076;1335
SBCG;SBTF;NONE;NONE;NONE;NONE
SBCG;SBMQ; 1132; 5h 25m; 1209;1135
SBCG;SNBR; 1522; 6h 55m;847;1340
SBCG;SBFE;NONE;NONE;NONE;NONE
SBCG;SBIL; 898; 9h 45m; 898;2150
SBCG;SBLE; 1013; 18h 10m;933;1810
SBCG;SBUF;NONE;NONE;NONE;NONE
SBCG;SBPS; 574; 4h 45m; 602;1435
SBCG;SBSV; 782; 4h 40m;693;2255
SBCG;SNTF;NONE;NONE;NONE;NONE
SBCG;SBQV; 916; 4h 40m; 932;420
SBCG;SBFZ; 522; 5h 25m; 522;105
SBCG;SBJU; 905; 8h 40m;840;840
SBCG;SBBR; 576; 3h 50m; 577;1120
SBCG;SBVT; 830; 12h 10m;761;1145
SBCG;SBCN;NONE;NONE;NONE;NONE
SBCG;SBGO; 478; 14h 30m; 478;1430
SBCG;SWLC; 1379; 4h 50m;1299;450
SBCG;SBIZ; 1105; 11h 15m; 1105;1115
SBCG;SBSL; 1093; 4h 55m; 871;2150
SBCG;SBAX;NONE;NONE;NONE;NONE
SBCG;SBBH;NONE;NONE;NONE;NONE
SBCG;SBCF; 489; 9h 35m;489;330
SBCG;SBZM;NONE;NONE;NONE;NONE
SBCG;SBGV; 2185; 9h 20m;2100;920
SBCG;SBJF; 1008; 7h 10m; 977;350
SBCG;SBMK; 1052; 8h; 2082;535
SBCG;SNPD;NONE;NONE;NONE;NONE
SBCG;SBIP; 1048; 8h 5m; 2100;6
SBCG;SBUR; 2185; 11h 50m;2100;1150
SBCG;SBUL; 445; 16h 35m; 445;1350
SBCG;SBCG;NONE;NONE;NONE;NONE
SBCG;SBCR;NONE;NONE;NONE;NONE
SBCG;SBDO;NONE;NONE;NONE;NONE
SBCG;SBTG;NONE;NONE;NONE;NONE
SBCG;SBAT; 959; 3h 45m;879;345
SBCG;SWRD; 2185; 4h 50m;2100;450
SBCG;SWSI; 1941; 3h 35m;1771;335
SBCG;SBCY; 405; 1h 5m;346;110
SBCG;SBHT; 2185; 11h 20m;2100;1120
SBCG;SBBE; 763; 5h;693;5
SBCG;SBIH;NONE;NONE;NONE;NONE
SBCG;SBMA; 1037; 9h; 972;1155
SBCG;SBCJ; 1100; 15h 10m;1020;1510
SBCG;SBSN; 1165; 11h 55m; 1165;1155
SBCG;SBJP; 935; 5h 55m; 935;2420
SBCG;SBKG; 809; 6h 5m;744;65
SBCG;SBFN; 1677; 18h 45m; 1700;1450
SBCG;SBPL; 926; 5h 45m;926;530
SBCG;SBRF; 603; 14h 25m; 603;1425
SBCG;SBPB;NONE;NONE;NONE;NONE
SBCG;SBTE; 718; 4h 45m;692;3435
SBCG;SBCA; 737; 4h 30m;737;425
SBCG;SBCT; 669; 4h 15m; 944;120
SBCG;SBFI; 579; 4h 40m; 579;1950
SBCG;SBLO; 760; 31h 15m;760;2550
SBCG;SBMG; 347; 3h 40m;328;1055
SBCG;SBCB; 1208; 20h 30m;1128;2030
SBCG;SBCP; 2100; 7h 20m;865;145
SBCG;SBME;NONE;NONE;NONE;NONE
SBCG;SBGL; 463; 4h 20m; 565;1445
SBCG;SBNT;NONE;NONE;NONE;NONE
SBCG;SBSG; 854; 7h 35m; 899;105
SBCG;SSKW; 1038; 3h 45m;958;345
SBCG;SBJI;NONE;NONE;NONE;NONE
SBCG;SBPV; 618; 9h;618;420
SBCG;SBVH; 2185; 3h 50m;2100;350
SBCG;SBBV; 1169; 10h 5m; 1169;105
SBCG;SBCX; 1037; 4h 30m;972;430
SBCG;SBPF; 641; 4h 15m; 641;415
SBCG;SBPK; 810; 6h 40m;730;640
SBCG;SBPA; 523; 5h 45m; 551;430
SBCG;SBSM; 1095; 6h 10m;1015;610
SBCG;SBCH; 1011; 3h 55m;931;355
SBCG;SBFL; 441; 27h 15m; 441;2715
SBCG;SBCM;NONE;NONE;NONE;NONE
SBCG;SBJV; 418; 5h 30m; 600;13
SBCG;SBNF; 555; 14h 10m; 555;1410
SBCG;SBAR; 808; 9h 10m; 851;1025
SBCG;SBAU; 977; 3h 30m;897;330
SBCG;SBAQ;NONE;NONE;NONE;NONE
SBCG;SBAE;NONE;NONE;NONE;NONE
SBCG;SBKP; 339; 1h 25m; 339;125
SBCG;SBGR; 269; 1h 50m;269;135
SBCG;SBML; 2100; 3h 30m; 2100;330
SBCG;SBDN; 876; 3h 35m;796;335
SBCG;SBRP; 571; 9h 15m; 571;1040
SBCG;SBSR; 871; 26h 10m; 888;145
SBCG;SBSJ; 970; 13h 25m;890;1325
SBCG;SBSP; 552; 15h 10m; 936;135
SBCG;SWGN;NONE;NONE;NONE;NONE
SBCG;SBPJ; 1053; 7h 35m; 1053;1650
SBCG;SBRJ; 440; 7h 20m; 467;1025
SBCY;SBCZ; 1313; 8h 10m;1248;810
SBCY;SBRB; 1093; 10h 40m; 1093;1040
SBCY;SBMO; 1300; 13h 55m; 1380;10
SBCY;SBEG; 1083; 6h 5m; 993;1710
SBCY;SWPI;NONE;NONE;NONE;NONE
SBCY;SBTT; 1519; 14h 50m;1439;1450
SBCY;SBTF;NONE;NONE;NONE;NONE
SBCY;SBMQ; 671; 5h 40m; 818;2030
SBCY;SNBR; 790; 4h 35m;725;435
SBCY;SBFE;NONE;NONE;NONE;NONE
SBCY;SBIL; 1095; 19h 30m; 1095;1930
SBCY;SBLE; 1175; 18h 10m;1095;1810
SBCY;SBUF;NONE;NONE;NONE;NONE
SBCY;SBPS; 522; 19h 50m; 522;1950
SBCY;SBSV; 715; 4h 55m; 721;1050
SBCY;SNTF;NONE;NONE;NONE;NONE
SBCY;SNVB;NONE;NONE;NONE;NONE
SBCY;SBQV; 732; 9h 35m; 853;535
SBCY;SBFZ; 886; 23h 35m; 906;1910
SBCY;SBJU; 796; 6h 35m; 933;555
SBCY;SBBR; 599; 4h 55m;573;135
SBCY;SBVT; 661; 4h 25m; 661;1425
SBCY;SBCN; 2185; 10h 55m;2100;1055
SBCY;SBGO; 667; 4h 40m; 721;115
SBCY;SWLC; 817; 4h 40m;737;440
SBCY;SBIZ; 1203; 42h 10m;1149;1155
SBCY;SBSL; 895; 5h 10m; 895;1215
SBCY;SBAX;NONE;NONE;NONE;NONE
SBCY;SBBH;NONE;NONE;NONE;NONE
SBCY;SBCF; 700; 2h 15m;635;215
SBCY;SBZM;NONE;NONE;NONE;NONE
SBCY;SBGV; 986; 8h 20m;906;820
SBCY;SBJF; 1258; 4h 30m;1178;430
SBCY;SBMK; 813; 4h 35m;733;435
SBCY;SNPD;NONE;NONE;NONE;NONE
SBCY;SBIP; 1061; 5h;981;5
SBCY;SBUR; 1053; 10h 5m;973;105
SBCY;SBUL; 615; 9h;551;1145
SBCY;SBCG; 405; 1h 5m;346;15
SBCY;SBCR;NONE;NONE;NONE;NONE
SBCY;SBDO;NONE;NONE;NONE;NONE
SBCY;SBTG;NONE;NONE;NONE;NONE
SBCY;SBAT; 495; 1h 15m;415;115
SBCY;SWRD; 2022; 14h 35m;1937;1435
SBCY;SWSI; 1005; 55m;920;55
SBCY;SBCY;NONE;NONE;NONE;NONE
SBCY;SBHT; 1303; 10h 20m;1223;1020
SBCY;SBBE; 1025; 4h 50m; 1025;450
SBCY;SBIH;NONE;NONE;NONE;NONE
SBCY;SBMA; 826; 8h 50m; 826;115
SBCY;SBCJ; 1098; 8h 45m; 1136;725
SBCY;SBSN; 1157; 20h;1157;1030
SBCY;SBTU;NONE;NONE;NONE;NONE
SBCY;SBJP; 1000; 20h 25m;935;2025
SBCY;SBKG; 1036; 8h 20m;744;640
SBCY;SBFN; 1765; 7h 50m; 1800;1525
SBCY;SBPL; 926; 7h;926;65
SBCY;SBRF; 822; 14h 55m; 822;1455
SBCY;SBPB;NONE;NONE;NONE;NONE
SBCY;SBTE; 888; 20h 15m; 895;125
SBCY;SBCA; 616; 5h 10m;581;1030
SBCY;SBCT; 1020; 4h 35m; 993;3
SBCY;SBFI; 579; 4h 40m;574;1010
SBCY;SBLO; 852; 1h 40m; 932;140
SBCY;SBMG; 1464; 4h 25m; 1464;425
SBCY;SBCB;NONE;NONE;NONE;NONE
SBCY;SBCP; 945; 5h 35m;865;535
SBCY;SBME;NONE;NONE;NONE;NONE
SBCY;SBGL; 678; 4h 45m; 678;1225
SBCY;SBNT;NONE;NONE;NONE;NONE
SBCY;SBSG; 767; 9h 40m;767;1730
SBCY;SSKW; 893; 1h 20m;813;120
SBCY;SBJI;NONE;NONE;NONE;NONE
SBCY;SBPV; 770; 21h 10m;746;155
SBCY;SBVH; 999; 1h 35m;919;135
SBCY;SBBV; 1169; 18h 25m; 1169;1825
SBCY;SBCX; 911; 4h 20m;846;420
SBCY;SBPF; 1330; 12h 40m; 1445;1040
SBCY;SBPK; 1083; 8h 20m;1003;820
SBCY;SBPA; 566; 4h 20m; 566;420
SBCY;SBSM; 1067; 6h;987;6
SBCY;SBCH; 931; 4h 40m;880;1015
SBCY;SBFL; 1069; 5h 30m;1063;410
SBCY;SBCM;NONE;NONE;NONE;NONE
SBCY;SBJV; 597; 10h 15m; 597;1015
SBCY;SBNF; 685; 5h 45m;648;415
SBCY;SBAR; 1095; 12h 35m; 1095;1235
SBCY;SBAU; 643; 4h 10m;563;410
SBCY;SBAQ;NONE;NONE;NONE;NONE
SBCY;SBAE;NONE;NONE;NONE;NONE
SBCY;SBKP; 826; 2h; 908;2
SBCY;SBGR; 501; 2h 20m; 526;215
SBCY;SBML; 1038; 4h 45m;533;415
SBCY;SBDN; 598; 8h 5m; 675;450
SBCY;SBRP; 599; 5h 20m; 599;1055
SBCY;SBSR; 561; 1h 45m; 582;1010
SBCY;SBSJ; 1007; 14h 5m; 2100;1345
SBCY;SBSP; 650; 4h 45m; 787;25
SBCY;SWGN; 975; 20h 55m;910;2055
SBCY;SBPJ; 1000; 9h 25m;983;1355
SBCY;SBRJ; 719; 4h 5m;719;340
SBBE;SBCZ; 1313; 9h 10m;1248;910
SBBE;SBRB; 600; 28h 45m;600;1355
SBBE;SBMO; 1034; 4h 55m;969;455
SBBE;SWKO;NONE;NONE;NONE;NONE
SBBE;SWEI;NONE;NONE;NONE;NONE
SBBE;SBEG; 416; 2h 10m; 416;210
SBBE;SWPI;NONE;NONE;NONE;NONE
SBBE;SBUA;NONE;NONE;NONE;NONE
SBBE;SBTT; 844; 3h 50m;764;350
SBBE;SBTF;NONE;NONE;NONE;NONE
SBBE;SBMQ; 300; 55m; 300;1
SBBE;SNBR; 1041; 8h 40m;931;545
SBBE;SBFE;NONE;NONE;NONE;NONE
SBBE;SBIL; 549; 18h 55m; 549;1855
SBBE;SBLE; 1083; 21h 40m;1003;2140
SBBE;SBUF;NONE;NONE;NONE;NONE
SBBE;SBPS; 1033; 5h 15m; 1033;1010
SBBE;SBSV; 413; 14h 25m; 413;1425
SBBE;SNTF;NONE;NONE;NONE;NONE
SBBE;SBQV; 1354; 10h 45m; 1354;1045
SBBE;SBFZ; 395; 1h 50m;330;150
SBBE;SBJU; 1084; 6h;1019;6
SBBE;SBBR; 1007; 2h 35m; 716;1240
SBBE;SBVT; 694; 14h 5m; 702;1125
SBBE;SBCN; 1258; 7h 45m; 1448;20
SBBE;SBGO; 694; 9h 40m;694;10
SBBE;SWLC;NONE;NONE;NONE;NONE
SBBE;SBIZ; 551; 13h 45m; 601;1040
SBBE;SBSL; 522; 1h 5m;468;1
SBBE;SBAX;NONE;NONE;NONE;NONE
SBBE;SBBH;NONE;NONE;NONE;NONE
SBBE;SBCF; 1059; 3h 5m; 613;1120
SBBE;SBZM;NONE;NONE;NONE;NONE
SBBE;SBGV; 1276; 6h 35m;1196;635
SBBE;SBJF; 1052; 9h 5m;972;95
SBBE;SBMK; 747; 9h 20m; 750;650
SBBE;SNPD;NONE;NONE;NONE;NONE
SBBE;SBIP; 1273; 5h 45m;1193;545
SBBE;SBUR; 1305; 9h 5m;1225;95
SBBE;SBUL; 799; 14h 55m; 799;1455
SBBE;SBDB;NONE;NONE;NONE;NONE
SBBE;SBCG; 693; 17h 40m;693;1035
SBBE;SBCR;NONE;NONE;NONE;NONE
SBBE;SBDO;NONE;NONE;NONE;NONE
SBBE;SBTG;NONE;NONE;NONE;NONE
SBBE;SBAT; 1083; 13h 15m;1003;1315
SBBE;SWRD; 2185; 8h 20m;2100;820
SBBE;SWSI; 2185; 11h 10m;2100;1110
SBBE;SBCY; 1074; 17h 45m; 969;1030
SBBE;SBMD;NONE;NONE;NONE;NONE
SBBE;SBHT; 410; 1h 15m;380;110
SBBE;SBBE;NONE;NONE;NONE;NONE
SBBE;SBAA;NONE;NONE;NONE;NONE
SBBE;SBIH; 1100; 2h 50m;770;250
SBBE;SBMA; 573; 1h;515;1
SBBE;SBTB;NONE;NONE;NONE;NONE
SBBE;SDOW;NONE;NONE;NONE;NONE
SBBE;SBCJ; 375; 1h 10m;310;110
SBBE;SNDC;NONE;NONE;NONE;NONE
SBBE;SBSN; 246; 1h 20m;181;120
SBBE;SBTU;NONE;NONE;NONE;NONE
SBBE;SBJP; 1000; 6h 10m; 935;1825
SBBE;SBKG; 961; 6h 30m;896;630
SBBE;SBFN; 1592; 9h; 2100;1650
SBBE;SBPL; 1083; 20h; 2048;1110
SBBE;SBRF; 554; 4h 10m; 615;1145
SBBE;SBPB;NONE;NONE;NONE;NONE
SBBE;SBTE; 704; 3h 50m; 760;330
SBBE;SBCA; 1054; 6h 20m;989;620
SBBE;SBCT; 465; 5h 45m; 703;1535
SBBE;SBFI; 930; 7h 45m; 930;2845
SBBE;SBLO; 1071; 7h;963;3535
SBBE;SBMG; 584; 8h 5m; 684;155
SBBE;SBCB; 1186; 27h 45m;1106;2745
SBBE;SBCP; 1003; 9h 15m;923;915
SBBE;SBME;NONE;NONE;NONE;NONE
SBBE;SBGL; 897; 15h 35m; 897;1535
SBBE;SBNT;NONE;NONE;NONE;NONE
SBBE;SBSG; 498; 3h 55m;498;320
SBBE;SSKW; 1297; 13h 15m;1217;1315
SBBE;SBJI;NONE;NONE;NONE;NONE
SBBE;SBPV; 724; 19h 5m; 776;1255
SBBE;SBVH; 2185; 13h 20m;2100;1320
SBBE;SBBV; 701; 9h;598;4055
SBBE;SBCX; 1136; 8h 35m;1071;835
SBBE;SBPF; 1143; 20h 55m; 1143;2055
SBBE;SBPK; 1502; 10h 50m;1422;1050
SBBE;SBPA; 740; 12h 20m; 761;1020
SBBE;SBSM; 1205; 15h 25m;1125;1525
SBBE;SBCH; 931; 10h 40m; 931;1040
SBBE;SBFL; 564; 12h 10m; 564;1210
SBBE;SBCM;NONE;NONE;NONE;NONE
SBBE;SBJV; 399; 16h 55m;353;1120
SBBE;SBNF; 631; 15h 10m; 631;1510
SBBE;SBAR; 1050; 7h 40m; 985;275
SBBE;SBAU; 1205; 10h 45m;1125;1045
SBBE;SBAQ;NONE;NONE;NONE;NONE
SBBE;SBAE;NONE;NONE;NONE;NONE
SBBE;SBKP; 510; 5h 10m; 936;340
SBBE;SBGR; 669; 19h 25m; 669;1925
SBBE;SBML; 2100; 7h; 2100;7
SBBE;SBDN; 1124; 10h 50m; 1124;1050
SBBE;SBRP; 1118; 8h 40m; 758;2030
SBBE;SBSR; 668; 17h 35m; 668;1735
SBBE;SBSJ; 1063; 13h 5m;983;135
SBBE;SBSP; 1082; 5h;910;5
SBBE;SWGN; 1373; 23h 15m;1308;2315
SBBE;SBPJ; 1053; 10h 55m; 1053;1055
SBBE;SBRJ; 1129; 5h 30m; 1129;1055
SBRF;SBCZ; 1313; 9h 10m;1248;910
SBRF;SBRB; 1093; 26h 10m; 1093;2610
SBRF;SBMO; 448; 50m;407;50
SBRF;SWEI;NONE;NONE;NONE;NONE
SBRF;SBEG; 608; 7h 50m; 790;410
SBRF;SWPI;NONE;NONE;NONE;NONE
SBRF;SBTT; 1081; 11h 35m;1001;1135
SBRF;SBTF;NONE;NONE;NONE;NONE
SBRF;SBMQ; 843; 23h 5m; 843;235
SBRF;SNBR; 1138; 7h 50m; 1198;545
SBRF;SBFE;NONE;NONE;NONE;NONE
SBRF;SBIL; 1035; 6h 10m; 1128;2310
SBRF;SBLE; 847; 19h 55m;767;1955
SBRF;SBUF;NONE;NONE;NONE;NONE
SBRF;SBPS; 900; 22h 25m; 900;1035
SBRF;SBSV; 291; 5h 5m; 319;125
SBRF;SNTF;NONE;NONE;NONE;NONE
SBRF;SBQV; 887; 7h 30m;828;350
SBRF;SBFZ; 115; 1h 20m; 115;120
SBRF;SBJU; 330; 1h 30m;250;130
SBRF;SBBR; 790; 15h 15m; 790;1515
SBRF;SBVT; 540; 2h 20m; 540;220
SBRF;SBCN; 1183; 10h 35m;1118;1035
SBRF;SBGO; 586; 25h 25m; 586;2525
SBRF;SWLC; 1320; 6h 50m; 2100;1620
SBRF;SBIZ; 604; 14h 15m;544;1415
SBRF;SBSL; 616; 22h 20m;574;1610
SBRF;SBAX;NONE;NONE;NONE;NONE
SBRF;SBBH;NONE;NONE;NONE;NONE
SBRF;SBCF; 732; 18h 10m; 732;1810
SBRF;SBZM;NONE;NONE;NONE;NONE
SBRF;SBGV; 1590; 10h 30m;1505;1030
SBRF;SBJF; 1042; 7h 45m; 1572;65
SBRF;SBMK; 887; 4h 25m;838;1045
SBRF;SNPD;NONE;NONE;NONE;NONE
SBRF;SBIP; 1087; 3h 55m;1007;355
SBRF;SBUR; 946; 6h 40m;866;640
SBRF;SBUL; 660; 19h 45m;660;1330
SBRF;SBDB;NONE;NONE;NONE;NONE
SBRF;SBCG; 760; 23h 5m; 862;1750
SBRF;SBCR;NONE;NONE;NONE;NONE
SBRF;SBDO;NONE;NONE;NONE;NONE
SBRF;SBTG;NONE;NONE;NONE;NONE
SBRF;SBAT; 1161; 12h 15m;1081;1215
SBRF;SWRD; 2185; 8h;2100;8
SBRF;SWSI; 2185; 10h 10m;2100;1010
SBRF;SBCY; 822; 24h 55m;822;2455
SBRF;SBHT; 1298; 5h 30m;1218;530
SBRF;SBBE; 499; 16h 40m; 499;1640
SBRF;SBIH;NONE;NONE;NONE;NONE
SBRF;SBMA; 1013; 7h 55m; 912;1025
SBRF;SBCJ; 1002; 8h 55m;851;8
SBRF;SBSN; 569; 5h 50m; 739;1825
SBRF;SBTU;NONE;NONE;NONE;NONE
SBRF;SBJP; 1385; 40m; 1385;1115
SBRF;SBKG; 391; 45m;311;45
SBRF;SBFN; 1021; 1h 10m;718;110
SBRF;SBPL; 1000; 1h 20m; 1000;120
SBRF;SBRF;NONE;NONE;NONE;NONE
SBRF;SBPB;NONE;NONE;NONE;NONE
SBRF;SBTE; 447; 1h 50m;367;150
SBRF;SBCA; 836; 6h 25m; 836;625
SBRF;SBCT; 861; 18h 35m; 861;1020
SBRF;SBFI; 799; 23h 25m; 799;2325
SBRF;SBLO; 641; 37h 25m;661;1050
SBRF;SBCP;923;8h 15m;923;8h 15m
SBRF;SBME;NONE;NONE;NONE;NONE
SBRF;SBGL; 703; 5h 25m; 723;3
SBRF;SBNT;NONE;NONE;NONE;NONE
SBRF;SBSG; 456; 1h;392;1
SBRF;SSKW; 1576; 12h 15m;1496;1215
SBRF;SBJI;NONE;NONE;NONE;NONE
SBRF;SBPV; 811; 11h 45m; 811;1145
SBRF;SBVH; 2185; 12h 20m;2100;1220
SBRF;SBBV; 1169; 11h 35m; 1169;1135
SBRF;SBCX; 829; 12h 45m; 829;1245
SBRF;SBPF; 1081; 6h 40m;1044;1055
SBRF;SBPK; 1151; 10h;1071;10
SBRF;SBPA; 731; 5h 50m; 731;550
SBRF;SBSM; 1647; 14h 40m;1567;1440
SBRF;SBCH; 931; 12h 55m;925;1225
SBRF;SBFL; 795; 23h 5m; 802;1240
SBRF;SBCM;NONE;NONE;NONE;NONE
SBRF;SBJV; 300; 8h 10m;285;1225
SBRF;SBNF; 683; 15h 25m; 683;1345
SBRF;SBAR; 390; 1h 15m; 390;115
SBRF;SBAU; 768; 6h 20m;705;1235
SBRF;SBAQ;NONE;NONE;NONE;NONE
SBRF;SBAE;NONE;NONE;NONE;NONE
SBRF;SBKP; 640; 3h 10m;560;310
SBRF;SBGR; 503; 3h 15m; 503;315
SBRF;SBML; 1530; 6h 40m;725;625
SBRF;SBDN; 731; 12h 35m;666;1235
SBRF;SBRP; 749; 10h 45m; 749;1045
SBRF;SBSR; 664; 8h; 664;1230
SBRF;SBSJ; 2100; 14h 10m;882;1040
SBRF;SBSP; 650; 8h 35m; 672;320
SBRF;SWGN; 1566; 17h 45m;1501;1745
SBRF;SBPJ; 1003; 4h 50m;993;1035
SBRF;SBRJ; 800; 6h;760;450
SBCT;SBCZ; 1496; 8h 25m;1431;825
SBCT;SBRB; 1247; 10h 45m; 1312;1045
SBCT;SBMO; 1008; 15h 30m; 1008;1530
SBCT;SWKO;NONE;NONE;NONE;NONE
SBCT;SWEI;NONE;NONE;NONE;NONE
SBCT;SBEG; 745; 6h;731;555
SBCT;SWPI;NONE;NONE;NONE;NONE
SBCT;SBUA;NONE;NONE;NONE;NONE
SBCT;SBTT; 821; 12h 45m;741;1245
SBCT;SBTF;NONE;NONE;NONE;NONE
SBCT;SBMQ; 1004; 7h 15m; 992;3640
SBCT;SNBR; 712; 4h 50m; 870;1250
SBCT;SBFE;NONE;NONE;NONE;NONE
SBCT;SBIL; 712; 9h 20m; 788;520
SBCT;SBLE; 995; 17h 20m;915;1720
SBCT;SBUF;NONE;NONE;NONE;NONE
SBCT;SBPS; 470; 28h 40m; 483;145
SBCT;SBSV; 976; 4h 45m; 982;410
SBCT;SNTF;NONE;NONE;NONE;NONE
SBCT;SNVB;NONE;NONE;NONE;NONE
SBCT;SBQV; 621; 3h 30m;556;330
SBCT;SBFZ; 670; 5h 20m; 670;520
SBCT;SBJU; 731; 4h 50m; 731;450
SBCT;SBBR; 517; 1h 50m; 517;150
SBCT;SBVT; 233; 4h 10m; 245;320
SBCT;SBCN; 1017; 11h 55m;952;1155
SBCT;SBGO; 390; 6h 55m;338;1950
SBCT;SWLC; 616; 5h 30m;536;530
SBCT;SBIZ; 715; 4h 40m; 715;1150
SBCT;SBSL; 575; 5h; 575;165
SBCT;SBAX;NONE;NONE;NONE;NONE
SBCT;SBBH;NONE;NONE;NONE;NONE
SBCT;SBCF; 433; 5h 50m; 456;130
SBCT;SNDV;NONE;NONE;NONE;NONE
SBCT;SBZM;NONE;NONE;NONE;NONE
SBCT;SBGV; 2043; 15h 15m; 2043;1515
SBCT;SBJF; 611; 3h 15m; 611;315
SBCT;SBMK; 536; 4h 55m; 536;455
SBCT;SNPD;NONE;NONE;NONE;NONE
SBCT;SBIP; 964; 4h 45m;884;445
SBCT;SBUR; 452; 7h 10m;372;710
SBCT;SBUL; 232; 6h 10m;156;250
SBCT;SBDB;NONE;NONE;NONE;NONE
SBCT;SBCG; 604; 3h 55m; 944;130
SBCT;SBCR;NONE;NONE;NONE;NONE
SBCT;SBDO;NONE;NONE;NONE;NONE
SBCT;SBTG;NONE;NONE;NONE;NONE
SBCT;SBAT; 1026; 5h 45m;946;545
SBCT;SWRD; 1199; 4h;1138;1940
SBCT;SWSI; 1192; 14h 10m;1107;1410
SBCT;SBCY; 1020; 4h 55m; 955;24
SBCT;SBHT; 1324; 7h 40m;1244;740
SBCT;SBBE; 703; 5h 5m;668;525
SBCT;SBIH;NONE;NONE;NONE;NONE
SBCT;SBMA; 863; 23h 45m; 863;2345
SBCT;SBTB;NONE;NONE;NONE;NONE
SBCT;SBCJ; 1052; 4h 45m; 1052;445
SBCT;SBSN; 1023; 17h 30m; 1023;1730
SBCT;SBJP; 1010; 5h 15m;959;1050
SBCT;SBKG; 744; 6h 5m; 744;65
SBCT;SBFN; 1284; 8h 5m; 1320;715
SBCT;SBPL; 926; 5h 30m;926;455
SBCT;SBRF; 861; 5h 10m; 861;1225
SBCT;SBPB;NONE;NONE;NONE;NONE
SBCT;SBTE; 554; 21h 15m; 588;1225
SBCT;SBCA; 475; 1h 25m;430;125
SBCT;SBCT;NONE;NONE;NONE;NONE
SBCT;SBFI; 367; 1h 15m; 600;110
SBCT;SBLO; 447; 1h 15m; 470;1
SBCT;SBMG; 300; 1h 15m; 300;115
SBCT;SBCB; 823; 19h 40m;743;1940
SBCT;SBCP; 945; 5h;865;5
SBCT;SBME;NONE;NONE;NONE;NONE
SBCT;SBGL; 233; 1h 20m;168;120
SBCT;SBNT;NONE;NONE;NONE;NONE
SBCT;SBSG; 722; 5h 55m;685;1050
SBCT;SSKW; 1398; 5h 45m;1318;545
SBCT;SBJI;NONE;NONE;NONE;NONE
SBCT;SBPV; 782; 11h 55m; 782;1155
SBCT;SBVH; 1226; 7h 5m; 1476;550
SBCT;SBBV; 1241; 7h 40m; 1241;740
SBCT;SBCX; 829; 5h 10m;829;420
SBCT;SBPF; 1146; 4h 25m;1081;425
SBCT;SBPK; 1193; 5h 50m; 1193;550
SBCT;SBPA; 536; 1h 10m;471;110
SBCT;SBSM; 915; 3h 35m;835;335
SBCT;SBCH; 1024; 3h 40m;931;335
SBCT;SBFL; 645; 4h 55m; 650;3
SBCT;SBCM;NONE;NONE;NONE;NONE
SBCT;SBJV; 313; 3h 35m; 741;315
SBCT;SBNF; 628; 5h 10m; 745;13
SBCT;SBAR; 1095; 20h 20m; 1095;2020
SBCT;SBAU; 432; 5h; 547;345
SBCT;SBAQ;NONE;NONE;NONE;NONE
SBCT;SBAE;NONE;NONE;NONE;NONE
SBCT;SBKP; 370; 55m;290;55
SBCT;SBGR; 162; 1h 5m; 162;1
SBCT;SBML; 412; 5h 5m; 720;240
SBCT;SBDN; 397; 4h 45m; 520;350
SBCT;SBRP; 273; 5h 55m;146;135
SBCT;SBSR; 380; 6h 45m; 440;1025
SBCT;SBSJ; 297; 7h 30m; 325;1120
SBCT;SBSP; 217; 1h;217;1
SBCT;SWGN; 830; 20h 20m; 830;2020
SBCT;SBPJ; 617; 6h 55m;409;2220
SBCT;SBRJ; 503; 1h 20m; 568;1050
SBRJ;SBCZ; 1313; 8h;1248;8
SBRJ;SBRB; 1035; 8h 10m; 1108;1250
SBRJ;SBMO; 963; 5h 10m; 969;430
SBRJ;SWKO;NONE;NONE;NONE;NONE
SBRJ;SWEI;NONE;NONE;NONE;NONE
SBRJ;SBEG; 651; 5h 25m; 651;525
SBRJ;SWPI;NONE;NONE;NONE;NONE
SBRJ;SBUA;NONE;NONE;NONE;NONE
SBRJ;SBTT; 1357; 13h 5m;1277;135
SBRJ;SBTF;NONE;NONE;NONE;NONE
SBRJ;SBMQ; 1134; 6h 40m; 1194;1320
SBRJ;SNBR; 1329; 4h 35m;632;410
SBRJ;SBFE;NONE;NONE;NONE;NONE
SBRJ;SBIL; 779; 24h 30m; 779;2430
SBRJ;SBLE; 1106; 17h 40m;1026;1740
SBRJ;SBUF;NONE;NONE;NONE;NONE
SBRJ;SBPS; 590; 4h 20m; 590;420
SBRJ;SBSV; 325; 4h 15m; 325;159
SBRJ;SNTF;NONE;NONE;NONE;NONE
SBRJ;SNVB;NONE;NONE;NONE;NONE
SBRJ;SBQV; 322; 13h 50m; 322;1350
SBRJ;SBFZ; 886; 11h 45m;811;1145
SBRJ;SBJU; 732; 8h 20m;731;55
SBRJ;SBBR; 1413; 1h 40m; 1413;140
SBRJ;SBVT; 235; 1h; 235;1
SBRJ;SBCN; 1258; 3h 35m;1193;335
SBRJ;SBGO; 1025; 1h 45m; 945;1125
SBRJ;SWLC; 620; 4h 15m;540;415
SBRJ;SBIZ; 1053; 11h 45m;988;1145
SBRJ;SBSL; 741; 4h 45m;676;445
SBRJ;SBAX;NONE;NONE;NONE;NONE
SBRJ;SBBH;NONE;NONE;NONE;NONE
SBRJ;SBCF; 167; 6h 5m; 275;1
SBRJ;SNDV;NONE;NONE;NONE;NONE
SBRJ;SBZM;NONE;NONE;NONE;NONE
SBRJ;SBGV; 805; 2h 25m;725;225
SBRJ;SBJF;NONE;NONE;NONE;NONE
SBRJ;SBMK; 667; 2h 50m;587;250
SBRJ;SNPD;NONE;NONE;NONE;NONE
SBRJ;SBIP; 698; 3h 15m;618;315
SBRJ;SBUR; 353; 4h 55m;273;455
SBRJ;SBUL; 273; 3h 40m; 276;310
SBRJ;SBDB;NONE;NONE;NONE;NONE
SBRJ;SBCG; 389; 4h; 389;16
SBRJ;SBCR;NONE;NONE;NONE;NONE
SBRJ;SBDO;NONE;NONE;NONE;NONE
SBRJ;SBTG;NONE;NONE;NONE;NONE
SBRJ;SBAT; 1366; 6h 55m; 2100;555
SBRJ;SWRD; 2185; 4h 20m;2100;420
SBRJ;SWSI; 1059; 6h 45m; 1621;630
SBRJ;SBCY; 719; 4h 25m;683;350
SBRJ;SBHT; 1254; 7h 5m;1174;75
SBRJ;SBBE; 1129; 6h 30m;1129;450
SBRJ;SBIH;NONE;NONE;NONE;NONE
SBRJ;SBMA; 586; 6h 20m; 586;1845
SBRJ;SBTB;NONE;NONE;NONE;NONE
SBRJ;SBCJ; 1067; 4h 5m; 1102;410
SBRJ;SBSN; 752; 5h 45m; 752;1810
SBRJ;SBTU;NONE;NONE;NONE;NONE
SBRJ;SBJP; 1024; 12h 15m;959;1215
SBRJ;SBKG; 801; 9h;744;620
SBRJ;SBFN; 1211; 6h 55m; 1383;155
SBRJ;SBPL; 736; 5h 15m;671;515
SBRJ;SBRF; 800; 5h 40m;760;415
SBRJ;SBPB;NONE;NONE;NONE;NONE
SBRJ;SBTE; 550; 8h 5m;550;545
SBRJ;SBCA; 832; 4h 45m;790;315
SBRJ;SBCT; 438; 1h 25m; 438;125
SBRJ;SBFI; 678; 3h 30m; 678;330
SBRJ;SBLO; 390; 3h 30m;366;1150
SBRJ;SBMG; 816; 3h 35m;816;310
SBRJ;SBCB;NONE;NONE;NONE;NONE
SBRJ;SBCP; 385; 55m;305;55
SBRJ;SBME;NONE;NONE;NONE;NONE
SBRJ;SBNT;NONE;NONE;NONE;NONE
SBRJ;SBSG; 743; 6h 45m; 780;1015
SBRJ;SSKW; 1702; 6h 55m; 2100;555
SBRJ;SBJI;NONE;NONE;NONE;NONE
SBRJ;SBPV; 674; 10h 20m; 674;1020
SBRJ;SBVH; 2185; 6h;2100;6
SBRJ;SBBV; 801; 7h 50m;801;620
SBRJ;SBCX; 829; 3h 55m;829;315
SBRJ;SBPF; 1146; 3h 15m;1081;315
SBRJ;SBPK; 624; 15h 20m;544;1520
SBRJ;SBPA; 209; 6h 35m; 674;2
SBRJ;SBSM; 1176; 5h 35m; 1176;535
SBRJ;SBCH; 931; 6h 15m;884;320
SBRJ;SBFL; 577; 3h; 577;1055
SBRJ;SBCM;NONE;NONE;NONE;NONE
SBRJ;SBJV; 353; 4h 40m; 353;1150
SBRJ;SBNF; 416; 1h 30m;351;130
SBRJ;SBAR; 586; 8h 55m;586;135
SBRJ;SBAU; 1838; 3h 55m;397;345
SBRJ;SBAQ;NONE;NONE;NONE;NONE
SBRJ;SBAE;NONE;NONE;NONE;NONE
SBRJ;SBKP; 441; 1h 5m; 441;15
SBRJ;SBGR; 164; 1h 5m;99;15
SBRJ;SBML; 1243; 3h; 1243;3
SBRJ;SBDN; 427; 2h 45m; 427;245
SBRJ;SBRP; 225; 1h 50m; 225;150
SBRJ;SBSR; 365; 4h 45m;168;310
SBRJ;SBSJ; 300; 1h 10m;220;110
SBRJ;SBSP; 155; 1h 10m;80;110
SBRJ;SWGN; 1520; 20h 35m; 1520;2035
SBRJ;SBPJ; 464; 3h 40m;426;2240
SBRJ;SBRJ;NONE;NONE;NONE;NONE
SBSG;SBCZ; 1496; 9h 25m;1431;925
SBSG;SBRB; 1233; 26h;1233;10
SBSG;SBMO; 457; 7h 10m; 530;3
SBSG;SWKO;NONE;NONE;NONE;NONE
SBSG;SBEG; 1063; 9h 40m; 1063;1130
SBSG;SWPI;NONE;NONE;NONE;NONE
SBSG;SBTT;NONE;NONE;NONE;NONE
SBSG;SBTF;NONE;NONE;NONE;NONE
SBSG;SBMQ; 565; 6h 25m; 607;115
SBSG;SNBR; 2185; 19h;2100;19
SBSG;SBIL; 1157; 9h 25m;1121;1135
SBSG;SBLE; 2185; 17h 45m;2100;1745
SBSG;SBUF;NONE;NONE;NONE;NONE
SBSG;SBPS; 1015; 5h 45m; 1035;1025
SBSG;SBSV; 488; 4h 50m;484;130
SBSG;SNTF;NONE;NONE;NONE;NONE
SBSG;SBQV; 1194; 9h 45m; 1360;1340
SBSG;SBFZ; 267; 1h;267;1
SBSG;SBJU; 646; 3h 20m;581;320
SBSG;SBBR; 1161; 2h 45m; 658;1130
SBSG;SBVT; 1014; 31h 55m;897;1325
SBSG;SBCN; 2185; 13h 30m;2100;1330
SBSG;SBGO; 738; 32h 5m; 738;325
SBSG;SWLC; 1229; 8h 40m; 1986;1830
SBSG;SBIZ; 780; 15h 55m; 818;1015
SBSG;SBSL; 718; 8h 45m; 768;3435
SBSG;SBAX;NONE;NONE;NONE;NONE
SBSG;SBBH;NONE;NONE;NONE;NONE
SBSG;SBCF; 570; 9h 15m; 625;1555
SBSG;SBZM;NONE;NONE;NONE;NONE
SBSG;SBGV; 1191; 5h 50m; 2100;1540
SBSG;SBJF; 1568; 17h 30m;1503;1730
SBSG;SBMK; 1209; 6h 5m; 1360;1125
SBSG;SNPD;NONE;NONE;NONE;NONE
SBSG;SBIP; 1287; 5h 35m;1207;535
SBSG;SBUR; 1295; 8h 20m; 2100;18
SBSG;SBUL; 473; 19h 35m; 473;1455
SBSG;SBCG; 789; 35h 10m; 789;3510
SBSG;SBCR;NONE;NONE;NONE;NONE
SBSG;SBDO;NONE;NONE;NONE;NONE
SBSG;SBTG;NONE;NONE;NONE;NONE
SBSG;SBAT; 2109; 17h 40m;1997;1740
SBSG;SWRD; 1415; 32h 25m; 2100;1010
SBSG;SWSI; 2185; 17h 30m;2100;1730
SBSG;SBCY; 767; 14h 30m; 767;1430
SBSG;SBHT; 1595; 7h 50m;1515;750
SBSG;SBBE; 560; 15h 10m; 560;1510
SBSG;SBIH;NONE;NONE;NONE;NONE
SBSG;SBMA; 1136; 16h 30m;1136;1150
SBSG;SBCJ; 1137; 10h 20m;1072;1020
SBSG;SBSN; 569; 16h 35m; 629;1555
SBSG;SBJP;1685;2h 55m;1685;2h 55m
SBSG;SBFN; 863; 3h 15m;813;110
SBSG;SBPL; 1100; 12h 5m; 1100;125
SBSG;SBRF; 456; 55m; 456;235
SBSG;SBPB;NONE;NONE;NONE;NONE
SBSG;SBTE; 1078; 7h 35m;815;22
SBSG;SBCA; 909; 18h 25m; 909;1825
SBSG;SBCT; 722; 5h 25m; 722;525
SBSG;SBFI; 543; 7h 30m; 612;645
SBSG;SBLO; 1021; 35h 5m; 823;3130
SBSG;SBMG; 835; 8h 15m;770;815
SBSG;SBCB; 2152; 20h 5m;1982;205
SBSG;SBCP;NONE;NONE;NONE;NONE
SBSG;SBME;NONE;NONE;NONE;NONE
SBSG;SBGL; 865; 3h 5m;795;35
SBSG;SBSG;NONE;NONE;NONE;NONE
SBSG;SSKW; 2185; 17h 40m;2100;1740
SBSG;SBJI;NONE;NONE;NONE;NONE
SBSG;SBPV; 1168; 7h 45m; 1173;1225
SBSG;SBVH; 2185; 17h 45m;2100;1745
SBSG;SBBV; 1366; 8h 45m;1286;845
SBSG;SBCX; 894; 15h 10m; 929;1040
SBSG;SBPF; 1081; 18h 40m; 1081;1840
SBSG;SBPK; 1405; 19h 25m; 2100;1525
SBSG;SBPA; 1248; 8h;1248;555
SBSG;SBSM;NONE;NONE;NONE;NONE
SBSG;SBCH;931; 8h 45m;931;65
SBSG;SBFL;1045;42h 35m;1052;5h 35m
SBSG;SBCM;NONE;NONE;NONE;NONE
SBSG;SBJV; 427; 9h 55m; 427;25
SBSG;SBNF;672;17h 55m;716;21h 30m
SBSG;SBAR; 828; 2h 50m;753;250
SBSG;SBAU; 1510; 8h 10m;1430;810
SBSG;SBAQ;NONE;NONE;NONE;NONE
SBSG;SBAE;NONE;NONE;NONE;NONE
SBSG;SBKP; 715; 5h 55m; 853;1035
SBSG;SBGR;648;25h 35m;648;28h 10m
SBSG;SBML; 2185; 8h 15m;2100;815
SBSG;SBDN; 1000; 7h 55m;935;755
SBSG;SBRP; 1229; 5h 20m; 1256;1310
SBSG;SBSR; 694; 9h 35m;694;810
SBSG;SBSJ;NONE;NONE;NONE;NONE
SBSG;SBSP; 934; 5h 40m; 934;540
SBSG;SWGN;NONE;NONE;NONE;NONE
SBSG;SBPJ; 1053; 14h 40m; 1053;1440
SBSG;SBRJ; 743; 7h 30m;743;545
SBPV;SBCZ; 612; 14h 5m;547;145
SBPV;SBRB;NONE;NONE;NONE;NONE
SBPV;SBMO;1033;27h;1144;20h 50m
SBPV;SWKO;NONE;NONE;NONE;NONE
SBPV;SWEI;NONE;NONE;NONE;NONE
SBPV;SBEG; 488; 1h 20m;488;120
SBPV;SWPI;NONE;NONE;NONE;NONE
SBPV;SBUA;NONE;NONE;NONE;NONE
SBPV;SBTT; 730; 2h 20m;650;220
SBPV;SBTF;NONE;NONE;NONE;NONE
SBPV;SBMQ; 1167; 6h 25m;917;1350
SBPV;SNBR; 1263; 8h 25m; 1319;555
SBPV;SBFE;NONE;NONE;NONE;NONE
SBPV;SBIL; 1157; 24h 50m;1157;2450
SBPV;SBLE; 1294; 22h 50m;1214;2250
SBPV;SBUF;NONE;NONE;NONE;NONE
SBPV;SBPS;1093;5h 25m;1093;23h
SBPV;SBSV;1101;5h 45m;1156;9h 45m
SBPV;SNTF;NONE;NONE;NONE;NONE
SBPV;SBQV; 1106; 10h 55m; 1106;1055
SBPV;SBFZ; 893; 24h 5m;828;245
SBPV;SBJU; 677; 9h 20m; 733;1915
SBPV;SBBR; 865; 7h 25m; 992;250
SBPV;SBVT;795;17h 20m;835;8h 35m
SBPV;SBCN; 2185; 11h 55m;2100;1155
SBPV;SBGO;929;3h 45m;967;6h 55m
SBPV;SWLC; 1092; 13h 40m;1012;1340
SBPV;SBIZ; 1537; 12h 5m;1442;125
SBPV;SBSL; 1093; 7h 35m;929;1035
SBPV;SBBH;NONE;NONE;NONE;NONE
SBPV;SBCF;1013;24h 35m;1057;22h 15m
SBPV;SBZM;NONE;NONE;NONE;NONE
SBPV;SBGV;NONE;NONE;NONE;NONE
SBPV;SBMK; 1251; 7h 5m;1171;75
SBPV;SNPD;NONE;NONE;NONE;NONE
SBPV;SBIP; 1440; 7h 30m;1360;730
SBPV;SBUR;NONE;NONE;NONE;NONE
SBPV;SBUL; 1093; 7h 30m;1093;55
SBPV;SBCG;618;13h 15m;618;20h 30m
SBPV;SBCR;NONE;NONE;NONE;NONE
SBPV;SBDO;NONE;NONE;NONE;NONE
SBPV;SBTG;NONE;NONE;NONE;NONE
SBPV;SBAT;NONE;NONE;NONE;NONE
SBPV;SWRD; 1905; 26h 50m;1840;2650
SBPV;SWSI; 2170; 10h 45m;2000;1045
SBPV;SBCY;746;1h 50m;770;18h 30m
SBPV;SBHT; 1431; 6h 50m;1351;650
SBPV;SBBE; 841; 8h 10m; 853;445
SBPV;SBIH;NONE;NONE;NONE;NONE
SBPV;SBMA; 1018; 8h 10m; 1239;2555
SBPV;SBTB;NONE;NONE;NONE;NONE
SBPV;SBCJ; 1158; 10h 5m;1093;105
SBPV;SBSN; 1646; 25h 20m; 1646;2520
SBPV;SBTU;NONE;NONE;NONE;NONE
SBPV;SBJP;1195; 11h 10m;1120;1110
SBPV;SBKG; 2089; 11h 50m;2024;1150
SBPV;SBFN; 1693; 9h 10m; 1761;1035
SBPV;SBPL; 1158; 19h 55m; 1257;1025
SBPV;SBRF; 687; 8h 30m; 687;830
SBPV;SBPB;NONE;NONE;NONE;NONE
SBPV;SBTE; 1093; 7h 25m; 1093;725
SBPV;SBCA; 1048; 8h 20m; 989;1130
SBPV;SBCT; 781; 12h 30m;716;1230
SBPV;SBFI;812;19h 15m;1093;11h 40m
SBPV;SBLO;1061;13h 50m;1093;11h 45m
SBPV;SBMG; 736; 16h 30m; 794;1315
SBPV;SBCB;NONE;NONE;NONE;NONE
SBPV;SBCP; 1003; 8h 50m;923;850
SBPV;SBME;NONE;NONE;NONE;NONE
SBPV;SBGL;723; 10h 50m; 723;1050
SBPV;SBNT;NONE;NONE;NONE;NONE
SBPV;SBSG; 1093; 11h 35m; 1093;1135
SBPV;SSKW; 1048; 12h 50m;963;1250
SBPV;SBPV;NONE;NONE;NONE;NONE
SBPV;SBVH;NONE;NONE;NONE;NONE
SBPV;SBBV; 1878; 22h 50m; 1878;2250
SBPV;SBCX; 1093; 13h 20m; 1093;1320
SBPV;SBPF; 1081; 11h 15m; 1081;1115
SBPV;SBPK; 1433; 10h 35m;1353;1035
SBPV;SBPA; 650; 9h 45m; 720;1615
SBPV;SBSM; 1672; 15h;1592;15
SBPV;SBCH; 679; 8h 5m; 805;1245
SBPV;SBFL; 1048; 8h 40m;760;3220
SBPV;SBCM;NONE;NONE;NONE;NONE
SBPV;SBJV; 1093; 11h 30m; 1093;1130
SBPV;SBNF; 1093; 7h 40m; 1093;740
SBPV;SBAR; 1093; 12h;1093;1030
SBPV;SBAU; 1285; 8h 10m;1205;810
SBPV;SBAQ;NONE;NONE;NONE;NONE
SBPV;SBAE;NONE;NONE;NONE;NONE
SBPV;SBKP; 692; 7h 15m;690;535
SBPV;SBGR; 758; 6h 15m;754;555
SBPV;SBML; 2100; 8h 10m;883;1315
SBPV;SBDN; 1093; 7h 5m; 1093;75
SBPV;SBRP; 694; 17h;694;17
SBPV;SBSR;761;9h 25m;762;8h 35m
SBPV;SBSJ; 1533; 17h 20m;1448;1720
SBPV;SBSP; 655; 7h 35m;655;13
SBPV;SWGN;NONE;NONE;NONE;NONE
SBPV;SBPJ;1082;19h 50m;1082;19h 50m
SBPV;SBRJ;674;24h 30m;754;5h 55m
SBPA;SBCZ; 1313; 8h 50m;1248;850
SBPA;SBRB;1096;6h 55m;1096;26h 30m
SBPA;SBMO; 770; 12h;709;12
SBPA;SWKO;NONE;NONE;NONE;NONE
SBPA;SWEI;NONE;NONE;NONE;NONE
SBPA;SBEG; 646; 6h 10m; 654;555
SBPA;SWPI;NONE;NONE;NONE;NONE
SBPA;SBUA;NONE;NONE;NONE;NONE
SBPA;SBTT; 897; 13h 15m;817;1315
SBPA;SBTF;NONE;NONE;NONE;NONE
SBPA;SBMQ;899;8h 35m;900;29h
SBPA;SNBR; 1169; 15h 5m; 1169;155
SBPA;SBFE;NONE;NONE;NONE;NONE
SBPA;SBIL; 552; 9h 20m;552;1010
SBPA;SBLE; 1498; 17h 50m;1418;1750
SBPA;SBUF;NONE;NONE;NONE;NONE
SBPA;SBPS;442;10h 15m;454;11h 40m
SBPA;SBSV;521;5h 55m;527;5h
SBPA;SNTF;NONE;NONE;NONE;NONE
SBPA;SNVB;NONE;NONE;NONE;NONE
SBPA;SBQV; 302; 10h 35m; 302;1035
SBPA;SBFZ; 698; 6h 10m; 698;610
SBPA;SBJU; 731; 5h 35m;694;535
SBPA;SBBR; 190; 2h 30m; 190;230
SBPA;SBVT;533;4h;573;3h 25m
SBPA;SBCN; 1193; 4h 35m;780;1225
SBPA;SBGO;429;5h 25m;457;4h 5m
SBPA;SWLC; 770; 4h 40m;690;440
SBPA;SBIZ;992;22h 45m;1045;5h 20m
SBPA;SBSL; 633; 9h 45m; 639;19
SBPA;SBAX;NONE;NONE;NONE;NONE
SBPA;SBBH;NONE;NONE;NONE;NONE
SBPA;SBCF; 208; 9h 5m; 520;25
SBPA;SNDV;NONE;NONE;NONE;NONE
SBPA;SBZM;NONE;NONE;NONE;NONE
SBPA;SBGV; 1074; 7h 50m; 1426;6
SBPA;SBJF; 669; 3h 50m;593;350
SBPA;SBMK; 593; 5h 55m;559;45
SBPA;SNPD;NONE;NONE;NONE;NONE
SBPA;SBIP; 850; 4h 30m;770;430
SBPA;SBUR; 527; 8h 30m;447;830
SBPA;SBUL; 349; 4h 10m; 349;2050
SBPA;SBDB;NONE;NONE;NONE;NONE
SBPA;SBCG;437;23h 30m;523;12h 20m
SBPA;SBCR;NONE;NONE;NONE;NONE
SBPA;SBDO;NONE;NONE;NONE;NONE
SBPA;SBTG;NONE;NONE;NONE;NONE
SBPA;SBAT; 1167; 6h 35m;1087;635
SBPA;SWRD; 1554; 4h 30m;1489;430
SBPA;SWSI; 1037; 15h 40m;957;1540
SBPA;SBCY;532;4h 40m;566;6h 5m
SBPA;SBHT; 1353; 9h 50m;1273;950
SBPA;SBBE;540;25h 30m;740;24h
SBPA;SBIH;NONE;NONE;NONE;NONE
SBPA;SBMA;816;25h 55m;902;6h 45m
SBPA;SBTB;NONE;NONE;NONE;NONE
SBPA;SBCJ; 1002; 6h 55m;951;655
SBPA;SBSN; 673; 8h 55m;608;855
SBPA;SBJP; 664; 36h 20m; 664;3620
SBPA;SBKG; 744; 5h 40m; 744;540
SBPA;SBFN; 1255; 8h 20m; 1361;750
SBPA;SBPL; 926; 5h 25m; 926;525
SBPA;SBRF; 731; 5h 45m; 741;540
SBPA;SBPB;NONE;NONE;NONE;NONE
SBPA;SBTE;552;21h 15m;611;15h 55m
SBPA;SBCA; 411; 3h 35m; 411;335
SBPA;SBCT; 536; 1h 10m;471;110
SBPA;SBFI; 540; 1h 15m;240;115
SBPA;SBLO;405;4h 40m;431;5h 25m
SBPA;SBMG;446;5h 20m;524;4h
SBPA;SBCB; 904; 20h 10m;824;2010
SBPA;SBCP; 607; 5h 25m;527;525
SBPA;SBME;NONE;NONE;NONE;NONE
SBPA;SBGL; 573; 3h 40m; 742;150
SBPA;SBNT;NONE;NONE;NONE;NONE
SBPA;SBSG; 1181; 9h 10m; 1248;550
SBPA;SSKW; 1351; 6h 35m;1271;635
SBPA;SBJI;NONE;NONE;NONE;NONE
SBPA;SBPV;650;10h;650;13h 40m
SBPA;SBVH; 2185; 6h 40m;2100;640
SBPA;SBBV; 824; 8h 15m; 851;1650
SBPA;SBPF; 1146; 5h 5m;1081;55
SBPA;SBPK; 662; 55m;582;55
SBPA;SBPA;NONE;NONE;NONE;NONE
SBPA;SBSM; 420; 1h;340;1
SBPA;SBCH; 380; 6h 10m; 450;245
SBPA;SBFL; 274; 55m; 278;345
SBPA;SBCM;NONE;NONE;NONE;NONE
SBPA;SBJV; 254; 3h 30m; 254;330
SBPA;SBNF; 450; 1h 20m; 450;120
SBPA;SBAR; 828; 6h 55m;788;1225
SBPA;SBAU; 748; 3h 25m;668;325
SBPA;SBAQ;NONE;NONE;NONE;NONE
SBPA;SBAE;NONE;NONE;NONE;NONE
SBPA;SBKP; 537; 1h 35m;501;135
SBPA;SBGR; 120; 1h 35m;120;135
SBPA;SBML; 713; 4h 15m;633;415
SBPA;SBDN; 508; 3h 45m; 508;345
SBPA;SBRP; 392; 4h 35m; 417;325
SBPA;SBSR; 312; 8h 15m; 335;325
SBPA;SBSJ; 547; 8h 10m;497;1145
SBPA;SBSP; 410; 1h 40m;360;140
SBPA;SWGN; 1447; 19h 55m;1382;1955
SBPA;SBPJ; 548; 6h 50m;521;1245
SBPA;SBRJ;674;1h 45m;724;3h 30m
SBSP;SBCZ; 1479; 9h 30m; 1800;8
SBSP;SBRB; 696; 5h 50m; 743;2730
SBSP;SBMO;978;13h 30m;1161;2h 55m
SBSP;SWKO;NONE;NONE;NONE;NONE
SBSP;SWEI;NONE;NONE;NONE;NONE
SBSP;SBEG;826;5h 20m;826;29h 25m
SBSP;SWPI;NONE;NONE;NONE;NONE
SBSP;SBUA;NONE;NONE;NONE;NONE
SBSP;SBTT;NONE;NONE;NONE;NONE
SBSP;SBTF;NONE;NONE;NONE;NONE
SBSP;SBMQ; 1027; 15h 50m; 1027;1250
SBSP;SNBR; 1190; 4h 45m;623;425
SBSP;SBFE;NONE;NONE;NONE;NONE
SBSP;SBIL; 869; 2h 5m; 869;210
SBSP;SBLE;NONE;NONE;NONE;NONE
SBSP;SBUF;NONE;NONE;NONE;NONE
SBSP;SBPS;687;20h 40m;789;3h 35m
SBSP;SBSV;370;14h 40m;823;3h 45m
SBSP;SNTF;NONE;NONE;NONE;NONE
SBSP;SNVB;NONE;NONE;NONE;NONE
SBSP;SBQV; 1024; 5h 5m;900;520
SBSP;SBFZ; 1002; 5h 35m; 1002;535
SBSP;SBJU; 1188; 9h 25m; 2000;625
SBSP;SBBR; 924; 1h 45m; 924;145
SBSP;SBVT; 153; 1h 35m; 296;125
SBSP;SBCN; 396; 1h 35m;330;135
SBSP;SBGO; 800; 3h 50m;800;135
SBSP;SWLC;NONE;NONE;NONE;NONE
SBSP;SBIZ; 875; 12h;875;1010
SBSP;SBSL; 1061; 8h 25m;901;525
SBSP;SBAX;NONE;NONE;NONE;NONE
SBSP;SBBH;NONE;NONE;NONE;NONE
SBSP;SBCF; 153; 1h 15m;88;115
SBSP;SNDV;NONE;NONE;NONE;NONE
SBSP;SBZM;NONE;NONE;NONE;NONE
SBSP;SBGV; 962; 3h 5m;882;35
SBSP;SBJF;NONE;NONE;NONE;NONE
SBSP;SBMK; 752; 3h 5m;672;35
SBSP;SNPD;NONE;NONE;NONE;NONE
SBSP;SBIP; 625; 2h 50m;545;250
SBSP;SBUR; 422; 5h 35m;342;535
SBSP;SBUL; 139; 1h 20m;74;120
SBSP;SBDB;NONE;NONE;NONE;NONE
SBSP;SBCG;577;23h 20m;762;23h 20m
SBSP;SBCR;NONE;NONE;NONE;NONE
SBSP;SBDO;NONE;NONE;NONE;NONE
SBSP;SBTG;NONE;NONE;NONE;NONE
SBSP;SBAT; 1252; 8h 50m;1172;850
SBSP;SWRD;NONE;NONE;NONE;NONE
SBSP;SWSI; 2185; 6h 45m;2100;645
SBSP;SBCY; 620; 2h 15m;555;215
SBSP;SBHT; 1165; 8h 50m;1085;850
SBSP;SBBE; 910; 5h; 910;5
SBSP;SBIH;NONE;NONE;NONE;NONE
SBSP;SBMA;522;27h 30m;555;7h
SBSP;SBTB;NONE;NONE;NONE;NONE
SBSP;SBCJ; 1014; 5h 55m;922;525
SBSP;SBSN; 832; 6h 5m; 832;65
SBSP;SBTU;NONE;NONE;NONE;NONE
SBSP;SBJP; 816; 17h 20m; 816;1720
SBSP;SBKG; 1331; 6h; 1331;6
SBSP;SBFN; 1713; 5h 15m; 2100;1455
SBSP;SBPL; 1338; 17h 30m;1273;1730
SBSP;SBRF; 590; 4h 55m; 786;3
SBSP;SBPB;NONE;NONE;NONE;NONE
SBSP;SBTE; 797; 24h 25m; 856;1835
SBSP;SBCA; 810; 3h 10m;730;310
SBSP;SBCT; 217; 1h; 217;1
SBSP;SBFI; 140; 1h 40m;120;140
SBSP;SBLO; 100; 1h 15m;100;115
SBSP;SBMG; 500; 1h 20m;500;120
SBSP;SBCB;NONE;NONE;NONE;NONE
SBSP;SBCP;NONE;NONE;NONE;NONE
SBSP;SBME;NONE;NONE;NONE;NONE
SBSP;SBGL; 439; 1h; 439;1
SBSP;SBNT;NONE;NONE;NONE;NONE
SBSP;SBSG;934;7h;934;15h 5m
SBSP;SSKW; 1595; 8h 50m;1515;850
SBSP;SBJI;NONE;NONE;NONE;NONE
SBSP;SBPV; 720; 8h 45m; 856;1530
SBSP;SBVH; 2185; 8h 55m;2100;855
SBSP;SBBV;1212;26h 40m;1320;39h 40m
SBSP;SBCX; 720; 1h 35m;655;135
SBSP;SBPF;NONE;NONE;NONE;NONE
SBSP;SBPK; 867; 3h 55m;782;355
SBSP;SBPA; 425; 1h 45m; 480;140
SBSP;SBSM; 935; 5h 25m;855;525
SBSP;SBCH; 880; 6h 50m;800;650
SBSP;SBFL; 374; 1h 15m; 454;1125
SBSP;SBCM;NONE;NONE;NONE;NONE
SBSP;SBJV; 315; 1h 5m; 380;110
SBSP;SBNF; 739; 1h 5m; 739;110
SBSP;SBAR; 844; 4h 55m; 994;235
SBSP;SBAU;NONE;NONE;NONE;NONE
SBSP;SBAE;NONE;NONE;NONE;NONE
SBSP;SBDN; 459; 1h 10m;394;110
SBSP;SBRP; 338; 1h;85;1
SBSP;SBSR; 154; 1h 5m;89;15
SBSP;SBSP;NONE;NONE;NONE;NONE
SBSP;SWGN; 1380; 19h 25m; 1380;1925
